Category,Subcategory,Parameter,Parameter_ID,Unit,Requirement,Requirement_Min,Requirement_Max,Preferred_Value,Comparison_Type,Weight,Critical,Vendor,Model,Vendor_Value,Test_Condition,Source,Source_Date,Remarks
Basic Configuration,Type,PCS Type,P001,,Central/String,,,,Text,2,NO,Hopewind,Central PCS,,,,,Data Pending
Basic Configuration,Type,PCS Type,P001,,Central/String,,,,Text,2,NO,Hoymiles,HPCS2500-E-S,,,,,Data Pending
Basic Configuration,Type,PCS Type,P001,,Central/String,,,,Text,2,NO,Sineng,EH-1250/1725-HC/HB-UD,,,,,Data Pending
Basic Configuration,Type,PCS Type,P001,,Central/String,,,,Text,2,NO,FIMER,PVS980-58BC 2500kVA,,,,,Data Pending
Basic Configuration,Type,PCS Type,P001,,Central/String,,,,Text,2,NO,Inovance,IES920-07-2500-C-D-EU,,,,,Data Pending
Basic Configuration,Type,PCS Architecture,P002,,Modular preferred,,,,Text,2,NO,Hopewind,Central PCS,,,,,Data Pending
Basic Configuration,Type,PCS Architecture,P002,,Modular preferred,,,,Text,2,NO,Hoymiles,HPCS2500-E-S,,,,,Data Pending
Basic Configuration,Type,PCS Architecture,P002,,Modular preferred,,,,Text,2,NO,Sineng,EH-1250/1725-HC/HB-UD,,,,,Data Pending
Basic Configuration,Type,PCS Architecture,P002,,Modular preferred,,,,Text,2,NO,FIMER,PVS980-58BC 2500kVA,,,,,Data Pending
Basic Configuration,Type,PCS Architecture,P002,,Modular preferred,,,,Text,2,NO,Inovance,IES920-07-2500-C-D-EU,,,,,Data Pending
Basic Configuration,Power,Rated Power,P003,kW,≥ 2500,2500,,2500,Higher_Better,5,YES,Hopewind,Central PCS,2500,,Datasheet,2026-08-01,
Basic Configuration,Power,Rated Power,P003,kW,≥ 2500,2500,,2500,Higher_Better,5,YES,Hoymiles,HPCS2500-E-S,2500,,Datasheet,2026-08-01,
Basic Configuration,Power,Rated Power,P003,kW,≥ 2500,2500,,2500,Higher_Better,5,YES,Sineng,EH-1250/1725-HC/HB-UD,,,,,Data Pending
Basic Configuration,Power,Rated Power,P003,kW,≥ 2500,2500,,2500,Higher_Better,5,YES,FIMER,PVS980-58BC 2500kVA,2500,,Datasheet,2026-08-01,
Basic Configuration,Power,Rated Power,P003,kW,≥ 2500,2500,,2500,Higher_Better,5,YES,Inovance,IES920-07-2500-C-D-EU,2500,,Datasheet,2026-08-01,
Basic Configuration,Power,Maximum Power,P004,kW,≥ 2500,2500,,,Higher_Better,3,NO,Hopewind,Central PCS,,,,,Data Pending
Basic Configuration,Power,Maximum Power,P004,kW,≥ 2500,2500,,,Higher_Better,3,NO,Hoymiles,HPCS2500-E-S,,,,,Data Pending
Basic Configuration,Power,Maximum Power,P004,kW,≥ 2500,2500,,,Higher_Better,3,NO,Sineng,EH-1250/1725-HC/HB-UD,,,,,Data Pending
Basic Configuration,Power,Maximum Power,P004,kW,≥ 2500,2500,,,Higher_Better,3,NO,FIMER,PVS980-58BC 2500kVA,,,,,Data Pending
Basic Configuration,Power,Maximum Power,P004,kW,≥ 2500,2500,,,Higher_Better,3,NO,Inovance,IES920-07-2500-C-D-EU,,,,,Data Pending
Basic Configuration,Power,Continuous Power,P005,kW,≥ 2500,2500,,,Higher_Better,3,NO,Hopewind,Central PCS,,,,,Data Pending
Basic Configuration,Power,Continuous Power,P005,kW,≥ 2500,2500,,,Higher_Better,3,NO,Hoymiles,HPCS2500-E-S,,,,,Data Pending
Basic Configuration,Power,Continuous Power,P005,kW,≥ 2500,2500,,,Higher_Better,3,NO,Sineng,EH-1250/1725-HC/HB-UD,,,,,Data Pending
Basic Configuration,Power,Continuous Power,P005,kW,≥ 2500,2500,,,Higher_Better,3,NO,FIMER,PVS980-58BC 2500kVA,,,,,Data Pending
Basic Configuration,Power,Continuous Power,P005,kW,≥ 2500,2500,,,Higher_Better,3,NO,Inovance,IES920-07-2500-C-D-EU,,,,,Data Pending
Basic Configuration,Config,Modular/Standalone,P006,,Modular,,,,Text,2,NO,Hopewind,Central PCS,,,,,Data Pending
Basic Configuration,Config,Modular/Standalone,P006,,Modular,,,,Text,2,NO,Hoymiles,HPCS2500-E-S,,,,,Data Pending
Basic Configuration,Config,Modular/Standalone,P006,,Modular,,,,Text,2,NO,Sineng,EH-1250/1725-HC/HB-UD,,,,,Data Pending
Basic Configuration,Config,Modular/Standalone,P006,,Modular,,,,Text,2,NO,FIMER,PVS980-58BC 2500kVA,,,,,Data Pending
Basic Configuration,Config,Modular/Standalone,P006,,Modular,,,,Text,2,NO,Inovance,IES920-07-2500-C-D-EU,,,,,Data Pending
Basic Configuration,Config,Number of Power Modules,P007,nos,,,,,Higher_Better,1,NO,Hopewind,Central PCS,,,,,Data Pending
Basic Configuration,Config,Number of Power Modules,P007,nos,,,,,Higher_Better,1,NO,Hoymiles,HPCS2500-E-S,,,,,Data Pending
Basic Configuration,Config,Number of Power Modules,P007,nos,,,,,Higher_Better,1,NO,Sineng,EH-1250/1725-HC/HB-UD,,,,,Data Pending
Basic Configuration,Config,Number of Power Modules,P007,nos,,,,,Higher_Better,1,NO,FIMER,PVS980-58BC 2500kVA,,,,,Data Pending
Basic Configuration,Config,Number of Power Modules,P007,nos,,,,,Higher_Better,1,NO,Inovance,IES920-07-2500-C-D-EU,,,,,Data Pending
Basic Configuration,Config,Parallel PCS Capability,P008,,YES,,,,Boolean,3,NO,Hopewind,Central PCS,,,,,Data Pending
Basic Configuration,Config,Parallel PCS Capability,P008,,YES,,,,Boolean,3,NO,Hoymiles,HPCS2500-E-S,,,,,Data Pending
Basic Configuration,Config,Parallel PCS Capability,P008,,YES,,,,Boolean,3,NO,Sineng,EH-1250/1725-HC/HB-UD,,,,,Data Pending
Basic Configuration,Config,Parallel PCS Capability,P008,,YES,,,,Boolean,3,NO,FIMER,PVS980-58BC 2500kVA,,,,,Data Pending
Basic Configuration,Config,Parallel PCS Capability,P008,,YES,,,,Boolean,3,NO,Inovance,IES920-07-2500-C-D-EU,,,,,Data Pending
Basic Configuration,Config,Transformer Requirement,P009,,,,,,Text,2,NO,Hopewind,Central PCS,,,,,Data Pending
Basic Configuration,Config,Transformer Requirement,P009,,,,,,Text,2,NO,Hoymiles,HPCS2500-E-S,,,,,Data Pending
Basic Configuration,Config,Transformer Requirement,P009,,,,,,Text,2,NO,Sineng,EH-1250/1725-HC/HB-UD,,,,,Data Pending
Basic Configuration,Config,Transformer Requirement,P009,,,,,,Text,2,NO,FIMER,PVS980-58BC 2500kVA,,,,,Data Pending
Basic Configuration,Config,Transformer Requirement,P009,,,,,,Text,2,NO,Inovance,IES920-07-2500-C-D-EU,,,,,Data Pending
Basic Configuration,Config,Transformer Integrated,P010,,,,,,Boolean,1,NO,Hopewind,Central PCS,,,,,Data Pending
Basic Configuration,Config,Transformer Integrated,P010,,,,,,Boolean,1,NO,Hoymiles,HPCS2500-E-S,,,,,Data Pending
Basic Configuration,Config,Transformer Integrated,P010,,,,,,Boolean,1,NO,Sineng,EH-1250/1725-HC/HB-UD,,,,,Data Pending
Basic Configuration,Config,Transformer Integrated,P010,,,,,,Boolean,1,NO,FIMER,PVS980-58BC 2500kVA,,,,,Data Pending
Basic Configuration,Config,Transformer Integrated,P010,,,,,,Boolean,1,NO,Inovance,IES920-07-2500-C-D-EU,,,,,Data Pending
Basic Configuration,Cooling,Cooling Type,P011,,Liquid/Forced air,,,,Text,3,NO,Hopewind,Central PCS,Liquid cooled,,Datasheet,2026-08-01,
Basic Configuration,Cooling,Cooling Type,P011,,Liquid/Forced air,,,,Text,3,NO,Hoymiles,HPCS2500-E-S,Liquid cooling,,Datasheet,2026-08-01,
Basic Configuration,Cooling,Cooling Type,P011,,Liquid/Forced air,,,,Text,3,NO,Sineng,EH-1250/1725-HC/HB-UD,advanced 2 phase + forced air cooling,,Datasheet,2026-08-01,
Basic Configuration,Cooling,Cooling Type,P011,,Liquid/Forced air,,,,Text,3,NO,FIMER,PVS980-58BC 2500kVA,"Patented self-contained thermosyphon (liquid-cooled ratings, air-cooling simplicity)",,Datasheet,2026-08-01,
Basic Configuration,Cooling,Cooling Type,P011,,Liquid/Forced air,,,,Text,3,NO,Inovance,IES920-07-2500-C-D-EU,Air-Liquid cooling,,Datasheet,2026-08-01,
Basic Configuration,Enclosure,IP Rating,P012,IP,≥ 54,54,,65,Higher_Better,4,NO,Hopewind,Central PCS,66,,Datasheet,2026-08-01,
Basic Configuration,Enclosure,IP Rating,P012,IP,≥ 54,54,,65,Higher_Better,4,NO,Hoymiles,HPCS2500-E-S,65,,Datasheet,2026-08-01,
Basic Configuration,Enclosure,IP Rating,P012,IP,≥ 54,54,,65,Higher_Better,4,NO,Sineng,EH-1250/1725-HC/HB-UD,65,,Datasheet,2026-08-01,
Basic Configuration,Enclosure,IP Rating,P012,IP,≥ 54,54,,65,Higher_Better,4,NO,FIMER,PVS980-58BC 2500kVA,65,,Datasheet,2026-08-01,
Basic Configuration,Enclosure,IP Rating,P012,IP,≥ 54,54,,65,Higher_Better,4,NO,Inovance,IES920-07-2500-C-D-EU,65,,Datasheet,2026-08-01,
Basic Configuration,Install,Installation Type,P013,,,,,,Text,1,NO,Hopewind,Central PCS,,,,,Data Pending
Basic Configuration,Install,Installation Type,P013,,,,,,Text,1,NO,Hoymiles,HPCS2500-E-S,,,,,Data Pending
Basic Configuration,Install,Installation Type,P013,,,,,,Text,1,NO,Sineng,EH-1250/1725-HC/HB-UD,,,,,Data Pending
Basic Configuration,Install,Installation Type,P013,,,,,,Text,1,NO,FIMER,PVS980-58BC 2500kVA,,,,,Data Pending
Basic Configuration,Install,Installation Type,P013,,,,,,Text,1,NO,Inovance,IES920-07-2500-C-D-EU,,,,,Data Pending
Basic Configuration,Install,Indoor/Outdoor,P014,,Outdoor,,,,Text,2,NO,Hopewind,Central PCS,Outdoor,,Datasheet,2026-08-01,
Basic Configuration,Install,Indoor/Outdoor,P014,,Outdoor,,,,Text,2,NO,Hoymiles,HPCS2500-E-S,Outdoor,,Datasheet,2026-08-01,
Basic Configuration,Install,Indoor/Outdoor,P014,,Outdoor,,,,Text,2,NO,Sineng,EH-1250/1725-HC/HB-UD,Outdoor,,Datasheet,2026-08-01,
Basic Configuration,Install,Indoor/Outdoor,P014,,Outdoor,,,,Text,2,NO,FIMER,PVS980-58BC 2500kVA,Outdoor,,Datasheet,2026-08-01,
Basic Configuration,Install,Indoor/Outdoor,P014,,Outdoor,,,,Text,2,NO,Inovance,IES920-07-2500-C-D-EU,Outdoor,,Datasheet,2026-08-01,
DC Electrical,Voltage,Minimum DC Voltage,P015,V,≤ 1000,,1000,,Lower_Better,4,YES,Hopewind,Central PCS,1000,,Datasheet,2026-08-01,
DC Electrical,Voltage,Minimum DC Voltage,P015,V,≤ 1000,,1000,,Lower_Better,4,YES,Hoymiles,HPCS2500-E-S,1000,,Datasheet,2026-08-01,
DC Electrical,Voltage,Minimum DC Voltage,P015,V,≤ 1000,,1000,,Lower_Better,4,YES,Sineng,EH-1250/1725-HC/HB-UD,1000,,Datasheet,2026-08-01,
DC Electrical,Voltage,Minimum DC Voltage,P015,V,≤ 1000,,1000,,Lower_Better,4,YES,FIMER,PVS980-58BC 2500kVA,680,,Datasheet,2026-08-01,
DC Electrical,Voltage,Minimum DC Voltage,P015,V,≤ 1000,,1000,,Lower_Better,4,YES,Inovance,IES920-07-2500-C-D-EU,1000,,Datasheet,2026-08-01,
DC Electrical,Voltage,Nominal DC Voltage,P016,V,,,,,Range,2,NO,Hopewind,Central PCS,,,,,Data Pending
DC Electrical,Voltage,Nominal DC Voltage,P016,V,,,,,Range,2,NO,Hoymiles,HPCS2500-E-S,,,,,Data Pending
DC Electrical,Voltage,Nominal DC Voltage,P016,V,,,,,Range,2,NO,Sineng,EH-1250/1725-HC/HB-UD,,,,,Data Pending
DC Electrical,Voltage,Nominal DC Voltage,P016,V,,,,,Range,2,NO,FIMER,PVS980-58BC 2500kVA,,,,,Data Pending
DC Electrical,Voltage,Nominal DC Voltage,P016,V,,,,,Range,2,NO,Inovance,IES920-07-2500-C-D-EU,,,,,Data Pending
DC Electrical,Voltage,Maximum DC Voltage,P017,V,≥ 1500,1500,,1500,Higher_Better,4,YES,Hopewind,Central PCS,1500,,Datasheet,2026-08-01,
DC Electrical,Voltage,Maximum DC Voltage,P017,V,≥ 1500,1500,,1500,Higher_Better,4,YES,Hoymiles,HPCS2500-E-S,1500,,Datasheet,2026-08-01,
DC Electrical,Voltage,Maximum DC Voltage,P017,V,≥ 1500,1500,,1500,Higher_Better,4,YES,Sineng,EH-1250/1725-HC/HB-UD,1500,,Datasheet,2026-08-01,
DC Electrical,Voltage,Maximum DC Voltage,P017,V,≥ 1500,1500,,1500,Higher_Better,4,YES,FIMER,PVS980-58BC 2500kVA,1500,,Datasheet,2026-08-01,
DC Electrical,Voltage,Maximum DC Voltage,P017,V,≥ 1500,1500,,1500,Higher_Better,4,YES,Inovance,IES920-07-2500-C-D-EU,1500,,Datasheet,2026-08-01,
DC Electrical,Voltage,DC Operating Voltage Range,P018,V,1000-1500,1000,1500,,Range,5,YES,Hopewind,Central PCS,1000--1500,,Datasheet,2026-08-01,
DC Electrical,Voltage,DC Operating Voltage Range,P018,V,1000-1500,1000,1500,,Range,5,YES,Hoymiles,HPCS2500-E-S,1000--1500,,Datasheet,2026-08-01,
DC Electrical,Voltage,DC Operating Voltage Range,P018,V,1000-1500,1000,1500,,Range,5,YES,Sineng,EH-1250/1725-HC/HB-UD,1000-1500,,Datasheet,2026-08-01,
DC Electrical,Voltage,DC Operating Voltage Range,P018,V,1000-1500,1000,1500,,Range,5,YES,FIMER,PVS980-58BC 2500kVA,680-1500,,Datasheet,2026-08-01,
DC Electrical,Voltage,DC Operating Voltage Range,P018,V,1000-1500,1000,1500,,Range,5,YES,Inovance,IES920-07-2500-C-D-EU,1000-1500,,Datasheet,2026-08-01,
DC Electrical,Current,Rated DC Current,P019,A,,,,,Higher_Better,3,NO,Hopewind,Central PCS,,,,,Data Pending
DC Electrical,Current,Rated DC Current,P019,A,,,,,Higher_Better,3,NO,Hoymiles,HPCS2500-E-S,,,,,Data Pending
DC Electrical,Current,Rated DC Current,P019,A,,,,,Higher_Better,3,NO,Sineng,EH-1250/1725-HC/HB-UD,,,,,Data Pending
DC Electrical,Current,Rated DC Current,P019,A,,,,,Higher_Better,3,NO,FIMER,PVS980-58BC 2500kVA,,,,,Data Pending
DC Electrical,Current,Rated DC Current,P019,A,,,,,Higher_Better,3,NO,Inovance,IES920-07-2500-C-D-EU,,,,,Data Pending
DC Electrical,Current,Maximum DC Current,P020,A,,,,,Higher_Better,3,YES,Hopewind,Central PCS,,,,,Data Pending
DC Electrical,Current,Maximum DC Current,P020,A,,,,,Higher_Better,3,YES,Hoymiles,HPCS2500-E-S,,,,,Data Pending
DC Electrical,Current,Maximum DC Current,P020,A,,,,,Higher_Better,3,YES,Sineng,EH-1250/1725-HC/HB-UD,,,,,Data Pending
DC Electrical,Current,Maximum DC Current,P020,A,,,,,Higher_Better,3,YES,FIMER,PVS980-58BC 2500kVA,,,,,Data Pending
DC Electrical,Current,Maximum DC Current,P020,A,,,,,Higher_Better,3,YES,Inovance,IES920-07-2500-C-D-EU,,,,,Data Pending
DC Electrical,Current,Continuous DC Current,P021,A,,,,,Higher_Better,2,NO,Hopewind,Central PCS,,,,,Data Pending
DC Electrical,Current,Continuous DC Current,P021,A,,,,,Higher_Better,2,NO,Hoymiles,HPCS2500-E-S,,,,,Data Pending
DC Electrical,Current,Continuous DC Current,P021,A,,,,,Higher_Better,2,NO,Sineng,EH-1250/1725-HC/HB-UD,,,,,Data Pending
DC Electrical,Current,Continuous DC Current,P021,A,,,,,Higher_Better,2,NO,FIMER,PVS980-58BC 2500kVA,,,,,Data Pending
DC Electrical,Current,Continuous DC Current,P021,A,,,,,Higher_Better,2,NO,Inovance,IES920-07-2500-C-D-EU,,,,,Data Pending
DC Electrical,Current,DC Overload Current,P022,A,,,,,Higher_Better,2,NO,Hopewind,Central PCS,,,,,Data Pending
DC Electrical,Current,DC Overload Current,P022,A,,,,,Higher_Better,2,NO,Hoymiles,HPCS2500-E-S,,,,,Data Pending
DC Electrical,Current,DC Overload Current,P022,A,,,,,Higher_Better,2,NO,Sineng,EH-1250/1725-HC/HB-UD,,,,,Data Pending
DC Electrical,Current,DC Overload Current,P022,A,,,,,Higher_Better,2,NO,FIMER,PVS980-58BC 2500kVA,,,,,Data Pending
DC Electrical,Current,DC Overload Current,P022,A,,,,,Higher_Better,2,NO,Inovance,IES920-07-2500-C-D-EU,,,,,Data Pending
DC Electrical,Quality,DC Ripple Current,P023,%,≤ 3,,3,,Lower_Better,2,NO,Hopewind,Central PCS,,,,,Data Pending
DC Electrical,Quality,DC Ripple Current,P023,%,≤ 3,,3,,Lower_Better,2,NO,Hoymiles,HPCS2500-E-S,,,,,Data Pending
DC Electrical,Quality,DC Ripple Current,P023,%,≤ 3,,3,,Lower_Better,2,NO,Sineng,EH-1250/1725-HC/HB-UD,,,,,Data Pending
DC Electrical,Quality,DC Ripple Current,P023,%,≤ 3,,3,,Lower_Better,2,NO,FIMER,PVS980-58BC 2500kVA,,,,,Data Pending
DC Electrical,Quality,DC Ripple Current,P023,%,≤ 3,,3,,Lower_Better,2,NO,Inovance,IES920-07-2500-C-D-EU,,,,,Data Pending
DC Electrical,Accuracy,DC Voltage Accuracy,P024,%,≤ 1,,1,,Lower_Better,1,NO,Hopewind,Central PCS,,,,,Data Pending
DC Electrical,Accuracy,DC Voltage Accuracy,P024,%,≤ 1,,1,,Lower_Better,1,NO,Hoymiles,HPCS2500-E-S,,,,,Data Pending
DC Electrical,Accuracy,DC Voltage Accuracy,P024,%,≤ 1,,1,,Lower_Better,1,NO,Sineng,EH-1250/1725-HC/HB-UD,,,,,Data Pending
DC Electrical,Accuracy,DC Voltage Accuracy,P024,%,≤ 1,,1,,Lower_Better,1,NO,FIMER,PVS980-58BC 2500kVA,,,,,Data Pending
DC Electrical,Accuracy,DC Voltage Accuracy,P024,%,≤ 1,,1,,Lower_Better,1,NO,Inovance,IES920-07-2500-C-D-EU,,,,,Data Pending
DC Electrical,Accuracy,DC Current Accuracy,P025,%,≤ 1,,1,,Lower_Better,1,NO,Hopewind,Central PCS,,,,,Data Pending
DC Electrical,Accuracy,DC Current Accuracy,P025,%,≤ 1,,1,,Lower_Better,1,NO,Hoymiles,HPCS2500-E-S,,,,,Data Pending
DC Electrical,Accuracy,DC Current Accuracy,P025,%,≤ 1,,1,,Lower_Better,1,NO,Sineng,EH-1250/1725-HC/HB-UD,,,,,Data Pending
DC Electrical,Accuracy,DC Current Accuracy,P025,%,≤ 1,,1,,Lower_Better,1,NO,FIMER,PVS980-58BC 2500kVA,,,,,Data Pending
DC Electrical,Accuracy,DC Current Accuracy,P025,%,≤ 1,,1,,Lower_Better,1,NO,Inovance,IES920-07-2500-C-D-EU,,,,,Data Pending
DC Electrical,Protection,DC Isolation,P026,,YES,,,,Boolean,2,NO,Hopewind,Central PCS,,,,,Data Pending
DC Electrical,Protection,DC Isolation,P026,,YES,,,,Boolean,2,NO,Hoymiles,HPCS2500-E-S,,,,,Data Pending
DC Electrical,Protection,DC Isolation,P026,,YES,,,,Boolean,2,NO,Sineng,EH-1250/1725-HC/HB-UD,,,,,Data Pending
DC Electrical,Protection,DC Isolation,P026,,YES,,,,Boolean,2,NO,FIMER,PVS980-58BC 2500kVA,,,,,Data Pending
DC Electrical,Protection,DC Isolation,P026,,YES,,,,Boolean,2,NO,Inovance,IES920-07-2500-C-D-EU,,,,,Data Pending
DC Electrical,Protection,Insulation Monitoring,P027,,YES,,,,Boolean,3,NO,Hopewind,Central PCS,,,,,Data Pending
DC Electrical,Protection,Insulation Monitoring,P027,,YES,,,,Boolean,3,NO,Hoymiles,HPCS2500-E-S,YES,,Datasheet,2026-08-01,
DC Electrical,Protection,Insulation Monitoring,P027,,YES,,,,Boolean,3,NO,Sineng,EH-1250/1725-HC/HB-UD,YES,,Datasheet,2026-08-01,
DC Electrical,Protection,Insulation Monitoring,P027,,YES,,,,Boolean,3,NO,FIMER,PVS980-58BC 2500kVA,,,,,Data Pending
DC Electrical,Protection,Insulation Monitoring,P027,,YES,,,,Boolean,3,NO,Inovance,IES920-07-2500-C-D-EU,,,,,Data Pending
DC Electrical,Protection,Reverse Polarity Protection,P028,,YES,,,,Boolean,3,NO,Hopewind,Central PCS,YES,,Datasheet,2026-08-01,
DC Electrical,Protection,Reverse Polarity Protection,P028,,YES,,,,Boolean,3,NO,Hoymiles,HPCS2500-E-S,YES,,Datasheet,2026-08-01,
DC Electrical,Protection,Reverse Polarity Protection,P028,,YES,,,,Boolean,3,NO,Sineng,EH-1250/1725-HC/HB-UD,YES,,Datasheet,2026-08-01,
DC Electrical,Protection,Reverse Polarity Protection,P028,,YES,,,,Boolean,3,NO,FIMER,PVS980-58BC 2500kVA,YES,,Datasheet,2026-08-01,
DC Electrical,Protection,Reverse Polarity Protection,P028,,YES,,,,Boolean,3,NO,Inovance,IES920-07-2500-C-D-EU,,,,,Data Pending
DC Electrical,Protection,DC Contactor,P029,,YES,,,,Boolean,2,NO,Hopewind,Central PCS,,,,,Data Pending
DC Electrical,Protection,DC Contactor,P029,,YES,,,,Boolean,2,NO,Hoymiles,HPCS2500-E-S,,,,,Data Pending
DC Electrical,Protection,DC Contactor,P029,,YES,,,,Boolean,2,NO,Sineng,EH-1250/1725-HC/HB-UD,,,,,Data Pending
DC Electrical,Protection,DC Contactor,P029,,YES,,,,Boolean,2,NO,FIMER,PVS980-58BC 2500kVA,,,,,Data Pending
DC Electrical,Protection,DC Contactor,P029,,YES,,,,Boolean,2,NO,Inovance,IES920-07-2500-C-D-EU,,,,,Data Pending
DC Electrical,Protection,Pre-charge Function,P030,,YES,,,,Boolean,2,NO,Hopewind,Central PCS,YES,,Datasheet,2026-08-01,
DC Electrical,Protection,Pre-charge Function,P030,,YES,,,,Boolean,2,NO,Hoymiles,HPCS2500-E-S,YES,,Datasheet,2026-08-01,
DC Electrical,Protection,Pre-charge Function,P030,,YES,,,,Boolean,2,NO,Sineng,EH-1250/1725-HC/HB-UD,YES,,Datasheet,2026-08-01,
DC Electrical,Protection,Pre-charge Function,P030,,YES,,,,Boolean,2,NO,FIMER,PVS980-58BC 2500kVA,,,,,Data Pending
DC Electrical,Protection,Pre-charge Function,P030,,YES,,,,Boolean,2,NO,Inovance,IES920-07-2500-C-D-EU,,,,,Data Pending
DC Electrical,Protection,DC Fuse,P031,,YES,,,,Boolean,1,NO,Hopewind,Central PCS,,,,,Data Pending
DC Electrical,Protection,DC Fuse,P031,,YES,,,,Boolean,1,NO,Hoymiles,HPCS2500-E-S,,,,,Data Pending
DC Electrical,Protection,DC Fuse,P031,,YES,,,,Boolean,1,NO,Sineng,EH-1250/1725-HC/HB-UD,,,,,Data Pending
DC Electrical,Protection,DC Fuse,P031,,YES,,,,Boolean,1,NO,FIMER,PVS980-58BC 2500kVA,,,,,Data Pending
DC Electrical,Protection,DC Fuse,P031,,YES,,,,Boolean,1,NO,Inovance,IES920-07-2500-C-D-EU,,,,,Data Pending
DC Electrical,Protection,Ground Fault Detection,P032,,YES,,,,Boolean,3,NO,Hopewind,Central PCS,,,,,Data Pending
DC Electrical,Protection,Ground Fault Detection,P032,,YES,,,,Boolean,3,NO,Hoymiles,HPCS2500-E-S,,,,,Data Pending
DC Electrical,Protection,Ground Fault Detection,P032,,YES,,,,Boolean,3,NO,Sineng,EH-1250/1725-HC/HB-UD,,,,,Data Pending
DC Electrical,Protection,Ground Fault Detection,P032,,YES,,,,Boolean,3,NO,FIMER,PVS980-58BC 2500kVA,,,,,Data Pending
DC Electrical,Protection,Ground Fault Detection,P032,,YES,,,,Boolean,3,NO,Inovance,IES920-07-2500-C-D-EU,,,,,Data Pending
AC Electrical,Power,Rated AC Power,P033,kVA,≥ 2500,2500,,,Higher_Better,5,YES,Hopewind,Central PCS,,,,,Data Pending
AC Electrical,Power,Rated AC Power,P033,kVA,≥ 2500,2500,,,Higher_Better,5,YES,Hoymiles,HPCS2500-E-S,,,,,Data Pending
AC Electrical,Power,Rated AC Power,P033,kVA,≥ 2500,2500,,,Higher_Better,5,YES,Sineng,EH-1250/1725-HC/HB-UD,,,,,Data Pending
AC Electrical,Power,Rated AC Power,P033,kVA,≥ 2500,2500,,,Higher_Better,5,YES,FIMER,PVS980-58BC 2500kVA,,,,,Data Pending
AC Electrical,Power,Rated AC Power,P033,kVA,≥ 2500,2500,,,Higher_Better,5,YES,Inovance,IES920-07-2500-C-D-EU,,,,,Data Pending
AC Electrical,Power,Maximum AC Power,P034,kVA,,,,,Higher_Better,3,NO,Hopewind,Central PCS,,,,,Data Pending
AC Electrical,Power,Maximum AC Power,P034,kVA,,,,,Higher_Better,3,NO,Hoymiles,HPCS2500-E-S,,,,,Data Pending
AC Electrical,Power,Maximum AC Power,P034,kVA,,,,,Higher_Better,3,NO,Sineng,EH-1250/1725-HC/HB-UD,,,,,Data Pending
AC Electrical,Power,Maximum AC Power,P034,kVA,,,,,Higher_Better,3,NO,FIMER,PVS980-58BC 2500kVA,,,,,Data Pending
AC Electrical,Power,Maximum AC Power,P034,kVA,,,,,Higher_Better,3,NO,Inovance,IES920-07-2500-C-D-EU,,,,,Data Pending
AC Electrical,Voltage,AC Voltage,P035,V,690,,,,Range,4,YES,Hopewind,Central PCS,690,,Datasheet,2026-08-01,
AC Electrical,Voltage,AC Voltage,P035,V,690,,,,Range,4,YES,Hoymiles,HPCS2500-E-S,690,,Datasheet,2026-08-01,
AC Electrical,Voltage,AC Voltage,P035,V,690,,,,Range,4,YES,Sineng,EH-1250/1725-HC/HB-UD,690,,Datasheet,2026-08-01,
AC Electrical,Voltage,AC Voltage,P035,V,690,,,,Range,4,YES,FIMER,PVS980-58BC 2500kVA,690,,Datasheet,2026-08-01,
AC Electrical,Voltage,AC Voltage,P035,V,690,,,,Range,4,YES,Inovance,IES920-07-2500-C-D-EU,690,,Datasheet,2026-08-01,
AC Electrical,Voltage,AC Voltage Range,P036,V,,,,,Range,3,NO,Hopewind,Central PCS,,,,,Data Pending
AC Electrical,Voltage,AC Voltage Range,P036,V,,,,,Range,3,NO,Hoymiles,HPCS2500-E-S,,,,,Data Pending
AC Electrical,Voltage,AC Voltage Range,P036,V,,,,,Range,3,NO,Sineng,EH-1250/1725-HC/HB-UD,,,,,Data Pending
AC Electrical,Voltage,AC Voltage Range,P036,V,,,,,Range,3,NO,FIMER,PVS980-58BC 2500kVA,,,,,Data Pending
AC Electrical,Voltage,AC Voltage Range,P036,V,,,,,Range,3,NO,Inovance,IES920-07-2500-C-D-EU,,,,,Data Pending
AC Electrical,Freq,AC Frequency,P037,Hz,50,,,,Range,3,NO,Hopewind,Central PCS,50,,Datasheet,2026-08-01,
AC Electrical,Freq,AC Frequency,P037,Hz,50,,,,Range,3,NO,Hoymiles,HPCS2500-E-S,50,,Datasheet,2026-08-01,
AC Electrical,Freq,AC Frequency,P037,Hz,50,,,,Range,3,NO,Sineng,EH-1250/1725-HC/HB-UD,50,,Datasheet,2026-08-01,
AC Electrical,Freq,AC Frequency,P037,Hz,50,,,,Range,3,NO,FIMER,PVS980-58BC 2500kVA,50,,Datasheet,2026-08-01,
AC Electrical,Freq,AC Frequency,P037,Hz,50,,,,Range,3,NO,Inovance,IES920-07-2500-C-D-EU,50,,Datasheet,2026-08-01,
AC Electrical,Freq,Frequency Range,P038,Hz,47.5-51.5,,,,Range,2,NO,Hopewind,Central PCS,,,,,Data Pending
AC Electrical,Freq,Frequency Range,P038,Hz,47.5-51.5,,,,Range,2,NO,Hoymiles,HPCS2500-E-S,,,,,Data Pending
AC Electrical,Freq,Frequency Range,P038,Hz,47.5-51.5,,,,Range,2,NO,Sineng,EH-1250/1725-HC/HB-UD,,,,,Data Pending
AC Electrical,Freq,Frequency Range,P038,Hz,47.5-51.5,,,,Range,2,NO,FIMER,PVS980-58BC 2500kVA,,,,,Data Pending
AC Electrical,Freq,Frequency Range,P038,Hz,47.5-51.5,,,,Range,2,NO,Inovance,IES920-07-2500-C-D-EU,,,,,Data Pending
AC Electrical,Current,Rated AC Current,P039,A,,,,,Higher_Better,2,NO,Hopewind,Central PCS,,,,,Data Pending
AC Electrical,Current,Rated AC Current,P039,A,,,,,Higher_Better,2,NO,Hoymiles,HPCS2500-E-S,,,,,Data Pending
AC Electrical,Current,Rated AC Current,P039,A,,,,,Higher_Better,2,NO,Sineng,EH-1250/1725-HC/HB-UD,,,,,Data Pending
AC Electrical,Current,Rated AC Current,P039,A,,,,,Higher_Better,2,NO,FIMER,PVS980-58BC 2500kVA,,,,,Data Pending
AC Electrical,Current,Rated AC Current,P039,A,,,,,Higher_Better,2,NO,Inovance,IES920-07-2500-C-D-EU,,,,,Data Pending
AC Electrical,Current,Maximum AC Current,P040,A,,,,,Higher_Better,2,NO,Hopewind,Central PCS,,,,,Data Pending
AC Electrical,Current,Maximum AC Current,P040,A,,,,,Higher_Better,2,NO,Hoymiles,HPCS2500-E-S,,,,,Data Pending
AC Electrical,Current,Maximum AC Current,P040,A,,,,,Higher_Better,2,NO,Sineng,EH-1250/1725-HC/HB-UD,,,,,Data Pending
AC Electrical,Current,Maximum AC Current,P040,A,,,,,Higher_Better,2,NO,FIMER,PVS980-58BC 2500kVA,,,,,Data Pending
AC Electrical,Current,Maximum AC Current,P040,A,,,,,Higher_Better,2,NO,Inovance,IES920-07-2500-C-D-EU,,,,,Data Pending
AC Electrical,PF,Power Factor Range,P041,,-1 to +1,,,,Range,3,NO,Hopewind,Central PCS,-1 to +1,,Datasheet,2026-08-01,
AC Electrical,PF,Power Factor Range,P041,,-1 to +1,,,,Range,3,NO,Hoymiles,HPCS2500-E-S,-1 to +1,,Datasheet,2026-08-01,
AC Electrical,PF,Power Factor Range,P041,,-1 to +1,,,,Range,3,NO,Sineng,EH-1250/1725-HC/HB-UD,-1 to +1,,Datasheet,2026-08-01,
AC Electrical,PF,Power Factor Range,P041,,-1 to +1,,,,Range,3,NO,FIMER,PVS980-58BC 2500kVA,-1 to +1,,Datasheet,2026-08-01,
AC Electrical,PF,Power Factor Range,P041,,-1 to +1,,,,Range,3,NO,Inovance,IES920-07-2500-C-D-EU,-1 to +1,,Datasheet,2026-08-01,
AC Electrical,Reactive,Reactive Power,P042,kVAr,,,,,Higher_Better,2,NO,Hopewind,Central PCS,,,,,Data Pending
AC Electrical,Reactive,Reactive Power,P042,kVAr,,,,,Higher_Better,2,NO,Hoymiles,HPCS2500-E-S,,,,,Data Pending
AC Electrical,Reactive,Reactive Power,P042,kVAr,,,,,Higher_Better,2,NO,Sineng,EH-1250/1725-HC/HB-UD,,,,,Data Pending
AC Electrical,Reactive,Reactive Power,P042,kVAr,,,,,Higher_Better,2,NO,FIMER,PVS980-58BC 2500kVA,,,,,Data Pending
AC Electrical,Reactive,Reactive Power,P042,kVAr,,,,,Higher_Better,2,NO,Inovance,IES920-07-2500-C-D-EU,,,,,Data Pending
AC Electrical,Reactive,Reactive Power at Rated Power,P043,kVAr,,,,,Higher_Better,2,NO,Hopewind,Central PCS,,,,,Data Pending
AC Electrical,Reactive,Reactive Power at Rated Power,P043,kVAr,,,,,Higher_Better,2,NO,Hoymiles,HPCS2500-E-S,,,,,Data Pending
AC Electrical,Reactive,Reactive Power at Rated Power,P043,kVAr,,,,,Higher_Better,2,NO,Sineng,EH-1250/1725-HC/HB-UD,,,,,Data Pending
AC Electrical,Reactive,Reactive Power at Rated Power,P043,kVAr,,,,,Higher_Better,2,NO,FIMER,PVS980-58BC 2500kVA,,,,,Data Pending
AC Electrical,Reactive,Reactive Power at Rated Power,P043,kVAr,,,,,Higher_Better,2,NO,Inovance,IES920-07-2500-C-D-EU,,,,,Data Pending
AC Electrical,Quality,THDi,P044,%,≤ 3,,3,2,Lower_Better,4,NO,Hopewind,Central PCS,3,,Datasheet,2026-08-01,
AC Electrical,Quality,THDi,P044,%,≤ 3,,3,2,Lower_Better,4,NO,Hoymiles,HPCS2500-E-S,3,,Datasheet,2026-08-01,
AC Electrical,Quality,THDi,P044,%,≤ 3,,3,2,Lower_Better,4,NO,Sineng,EH-1250/1725-HC/HB-UD,3,,Datasheet,2026-08-01,
AC Electrical,Quality,THDi,P044,%,≤ 3,,3,2,Lower_Better,4,NO,FIMER,PVS980-58BC 2500kVA,3,,Datasheet,2026-08-01,
AC Electrical,Quality,THDi,P044,%,≤ 3,,3,2,Lower_Better,4,NO,Inovance,IES920-07-2500-C-D-EU,3,,Datasheet,2026-08-01,
AC Electrical,Quality,DC Injection,P045,%,≤ 0.5,,0.5,,Lower_Better,2,NO,Hopewind,Central PCS,0.5,,Datasheet,2026-08-01,
AC Electrical,Quality,DC Injection,P045,%,≤ 0.5,,0.5,,Lower_Better,2,NO,Hoymiles,HPCS2500-E-S,,,,,Data Pending
AC Electrical,Quality,DC Injection,P045,%,≤ 0.5,,0.5,,Lower_Better,2,NO,Sineng,EH-1250/1725-HC/HB-UD,0.5,,Datasheet,2026-08-01,
AC Electrical,Quality,DC Injection,P045,%,≤ 0.5,,0.5,,Lower_Better,2,NO,FIMER,PVS980-58BC 2500kVA,,,,,Data Pending
AC Electrical,Quality,DC Injection,P045,%,≤ 0.5,,0.5,,Lower_Better,2,NO,Inovance,IES920-07-2500-C-D-EU,,,,,Data Pending
AC Electrical,Quality,AC Voltage THD,P046,%,≤ 3,,3,,Lower_Better,2,NO,Hopewind,Central PCS,,,,,Data Pending
AC Electrical,Quality,AC Voltage THD,P046,%,≤ 3,,3,,Lower_Better,2,NO,Hoymiles,HPCS2500-E-S,,,,,Data Pending
AC Electrical,Quality,AC Voltage THD,P046,%,≤ 3,,3,,Lower_Better,2,NO,Sineng,EH-1250/1725-HC/HB-UD,,,,,Data Pending
AC Electrical,Quality,AC Voltage THD,P046,%,≤ 3,,3,,Lower_Better,2,NO,FIMER,PVS980-58BC 2500kVA,,,,,Data Pending
AC Electrical,Quality,AC Voltage THD,P046,%,≤ 3,,3,,Lower_Better,2,NO,Inovance,IES920-07-2500-C-D-EU,,,,,Data Pending
AC Electrical,Config,Three Phase,P047,,YES,,,,Boolean,1,NO,Hopewind,Central PCS,,,,,Data Pending
AC Electrical,Config,Three Phase,P047,,YES,,,,Boolean,1,NO,Hoymiles,HPCS2500-E-S,,,,,Data Pending
AC Electrical,Config,Three Phase,P047,,YES,,,,Boolean,1,NO,Sineng,EH-1250/1725-HC/HB-UD,,,,,Data Pending
AC Electrical,Config,Three Phase,P047,,YES,,,,Boolean,1,NO,FIMER,PVS980-58BC 2500kVA,,,,,Data Pending
AC Electrical,Config,Three Phase,P047,,YES,,,,Boolean,1,NO,Inovance,IES920-07-2500-C-D-EU,,,,,Data Pending
AC Electrical,Config,Grid Connection Type,P048,,,,,,Text,1,NO,Hopewind,Central PCS,,,,,Data Pending
AC Electrical,Config,Grid Connection Type,P048,,,,,,Text,1,NO,Hoymiles,HPCS2500-E-S,,,,,Data Pending
AC Electrical,Config,Grid Connection Type,P048,,,,,,Text,1,NO,Sineng,EH-1250/1725-HC/HB-UD,,,,,Data Pending
AC Electrical,Config,Grid Connection Type,P048,,,,,,Text,1,NO,FIMER,PVS980-58BC 2500kVA,,,,,Data Pending
AC Electrical,Config,Grid Connection Type,P048,,,,,,Text,1,NO,Inovance,IES920-07-2500-C-D-EU,,,,,Data Pending
Performance & Efficiency,Efficiency,Maximum Efficiency,P049,%,≥ 99,99,,99,Higher_Better,5,NO,Hopewind,Central PCS,98.5,,Datasheet,2026-08-01,
Performance & Efficiency,Efficiency,Maximum Efficiency,P049,%,≥ 99,99,,99,Higher_Better,5,NO,Hoymiles,HPCS2500-E-S,,,,,Data Pending
Performance & Efficiency,Efficiency,Maximum Efficiency,P049,%,≥ 99,99,,99,Higher_Better,5,NO,Sineng,EH-1250/1725-HC/HB-UD,99,,Datasheet,2026-08-01,
Performance & Efficiency,Efficiency,Maximum Efficiency,P049,%,≥ 99,99,,99,Higher_Better,5,NO,FIMER,PVS980-58BC 2500kVA,98.8,,Datasheet,2026-08-01,
Performance & Efficiency,Efficiency,Maximum Efficiency,P049,%,≥ 99,99,,99,Higher_Better,5,NO,Inovance,IES920-07-2500-C-D-EU,99,,Datasheet,2026-08-01,
Performance & Efficiency,Efficiency,Efficiency @ 10% Load,P050,%,,,,,Higher_Better,1,NO,Hopewind,Central PCS,,,,,Data Pending
Performance & Efficiency,Efficiency,Efficiency @ 10% Load,P050,%,,,,,Higher_Better,1,NO,Hoymiles,HPCS2500-E-S,,,,,Data Pending
Performance & Efficiency,Efficiency,Efficiency @ 10% Load,P050,%,,,,,Higher_Better,1,NO,Sineng,EH-1250/1725-HC/HB-UD,,,,,Data Pending
Performance & Efficiency,Efficiency,Efficiency @ 10% Load,P050,%,,,,,Higher_Better,1,NO,FIMER,PVS980-58BC 2500kVA,,,,,Data Pending
Performance & Efficiency,Efficiency,Efficiency @ 10% Load,P050,%,,,,,Higher_Better,1,NO,Inovance,IES920-07-2500-C-D-EU,,,,,Data Pending
Performance & Efficiency,Efficiency,Efficiency @ 25% Load,P051,%,,,,,Higher_Better,2,NO,Hopewind,Central PCS,,,,,Data Pending
Performance & Efficiency,Efficiency,Efficiency @ 25% Load,P051,%,,,,,Higher_Better,2,NO,Hoymiles,HPCS2500-E-S,,,,,Data Pending
Performance & Efficiency,Efficiency,Efficiency @ 25% Load,P051,%,,,,,Higher_Better,2,NO,Sineng,EH-1250/1725-HC/HB-UD,,,,,Data Pending
Performance & Efficiency,Efficiency,Efficiency @ 25% Load,P051,%,,,,,Higher_Better,2,NO,FIMER,PVS980-58BC 2500kVA,,,,,Data Pending
Performance & Efficiency,Efficiency,Efficiency @ 25% Load,P051,%,,,,,Higher_Better,2,NO,Inovance,IES920-07-2500-C-D-EU,,,,,Data Pending
Performance & Efficiency,Efficiency,Efficiency @ 50% Load,P052,%,≥ 98,98,,,Higher_Better,4,NO,Hopewind,Central PCS,,,,,Data Pending
Performance & Efficiency,Efficiency,Efficiency @ 50% Load,P052,%,≥ 98,98,,,Higher_Better,4,NO,Hoymiles,HPCS2500-E-S,,,,,Data Pending
Performance & Efficiency,Efficiency,Efficiency @ 50% Load,P052,%,≥ 98,98,,,Higher_Better,4,NO,Sineng,EH-1250/1725-HC/HB-UD,,,,,Data Pending
Performance & Efficiency,Efficiency,Efficiency @ 50% Load,P052,%,≥ 98,98,,,Higher_Better,4,NO,FIMER,PVS980-58BC 2500kVA,,,,,Data Pending
Performance & Efficiency,Efficiency,Efficiency @ 50% Load,P052,%,≥ 98,98,,,Higher_Better,4,NO,Inovance,IES920-07-2500-C-D-EU,,,,,Data Pending
Performance & Efficiency,Efficiency,Efficiency @ 75% Load,P053,%,,,,,Higher_Better,2,NO,Hopewind,Central PCS,,,,,Data Pending
Performance & Efficiency,Efficiency,Efficiency @ 75% Load,P053,%,,,,,Higher_Better,2,NO,Hoymiles,HPCS2500-E-S,,,,,Data Pending
Performance & Efficiency,Efficiency,Efficiency @ 75% Load,P053,%,,,,,Higher_Better,2,NO,Sineng,EH-1250/1725-HC/HB-UD,,,,,Data Pending
Performance & Efficiency,Efficiency,Efficiency @ 75% Load,P053,%,,,,,Higher_Better,2,NO,FIMER,PVS980-58BC 2500kVA,,,,,Data Pending
Performance & Efficiency,Efficiency,Efficiency @ 75% Load,P053,%,,,,,Higher_Better,2,NO,Inovance,IES920-07-2500-C-D-EU,,,,,Data Pending
Performance & Efficiency,Efficiency,Efficiency @ 100% Load,P054,%,≥ 98,98,,,Higher_Better,3,NO,Hopewind,Central PCS,,,,,Data Pending
Performance & Efficiency,Efficiency,Efficiency @ 100% Load,P054,%,≥ 98,98,,,Higher_Better,3,NO,Hoymiles,HPCS2500-E-S,,,,,Data Pending
Performance & Efficiency,Efficiency,Efficiency @ 100% Load,P054,%,≥ 98,98,,,Higher_Better,3,NO,Sineng,EH-1250/1725-HC/HB-UD,,,,,Data Pending
Performance & Efficiency,Efficiency,Efficiency @ 100% Load,P054,%,≥ 98,98,,,Higher_Better,3,NO,FIMER,PVS980-58BC 2500kVA,,,,,Data Pending
Performance & Efficiency,Efficiency,Efficiency @ 100% Load,P054,%,≥ 98,98,,,Higher_Better,3,NO,Inovance,IES920-07-2500-C-D-EU,,,,,Data Pending
Performance & Efficiency,Efficiency,European Efficiency,P055,%,≥ 98.5,98.5,,,Higher_Better,4,NO,Hopewind,Central PCS,,,,,Data Pending
Performance & Efficiency,Efficiency,European Efficiency,P055,%,≥ 98.5,98.5,,,Higher_Better,4,NO,Hoymiles,HPCS2500-E-S,,,,,Data Pending
Performance & Efficiency,Efficiency,European Efficiency,P055,%,≥ 98.5,98.5,,,Higher_Better,4,NO,Sineng,EH-1250/1725-HC/HB-UD,98,,Datasheet,2026-08-01,
Performance & Efficiency,Efficiency,European Efficiency,P055,%,≥ 98.5,98.5,,,Higher_Better,4,NO,FIMER,PVS980-58BC 2500kVA,98.5,,Datasheet,2026-08-01,
Performance & Efficiency,Efficiency,European Efficiency,P055,%,≥ 98.5,98.5,,,Higher_Better,4,NO,Inovance,IES920-07-2500-C-D-EU,99,,Datasheet,2026-08-01,
Performance & Efficiency,Efficiency,Weighted Efficiency,P056,%,,,,,Higher_Better,2,NO,Hopewind,Central PCS,,,,,Data Pending
Performance & Efficiency,Efficiency,Weighted Efficiency,P056,%,,,,,Higher_Better,2,NO,Hoymiles,HPCS2500-E-S,,,,,Data Pending
Performance & Efficiency,Efficiency,Weighted Efficiency,P056,%,,,,,Higher_Better,2,NO,Sineng,EH-1250/1725-HC/HB-UD,,,,,Data Pending
Performance & Efficiency,Efficiency,Weighted Efficiency,P056,%,,,,,Higher_Better,2,NO,FIMER,PVS980-58BC 2500kVA,,,,,Data Pending
Performance & Efficiency,Efficiency,Weighted Efficiency,P056,%,,,,,Higher_Better,2,NO,Inovance,IES920-07-2500-C-D-EU,,,,,Data Pending
Performance & Efficiency,Aux,Standby Power,P057,W,,,,,Lower_Better,2,NO,Hopewind,Central PCS,,,,,Data Pending
Performance & Efficiency,Aux,Standby Power,P057,W,,,,,Lower_Better,2,NO,Hoymiles,HPCS2500-E-S,,,,,Data Pending
Performance & Efficiency,Aux,Standby Power,P057,W,,,,,Lower_Better,2,NO,Sineng,EH-1250/1725-HC/HB-UD,,,,,Data Pending
Performance & Efficiency,Aux,Standby Power,P057,W,,,,,Lower_Better,2,NO,FIMER,PVS980-58BC 2500kVA,,,,,Data Pending
Performance & Efficiency,Aux,Standby Power,P057,W,,,,,Lower_Better,2,NO,Inovance,IES920-07-2500-C-D-EU,,,,,Data Pending
Performance & Efficiency,Aux,Standby Consumption,P058,W,,,,,Lower_Better,1,NO,Hopewind,Central PCS,,,,,Data Pending
Performance & Efficiency,Aux,Standby Consumption,P058,W,,,,,Lower_Better,1,NO,Hoymiles,HPCS2500-E-S,,,,,Data Pending
Performance & Efficiency,Aux,Standby Consumption,P058,W,,,,,Lower_Better,1,NO,Sineng,EH-1250/1725-HC/HB-UD,,,,,Data Pending
Performance & Efficiency,Aux,Standby Consumption,P058,W,,,,,Lower_Better,1,NO,FIMER,PVS980-58BC 2500kVA,,,,,Data Pending
Performance & Efficiency,Aux,Standby Consumption,P058,W,,,,,Lower_Better,1,NO,Inovance,IES920-07-2500-C-D-EU,,,,,Data Pending
Performance & Efficiency,Aux,Night-time Consumption,P059,W,,,,,Lower_Better,1,NO,Hopewind,Central PCS,,,,,Data Pending
Performance & Efficiency,Aux,Night-time Consumption,P059,W,,,,,Lower_Better,1,NO,Hoymiles,HPCS2500-E-S,,,,,Data Pending
Performance & Efficiency,Aux,Night-time Consumption,P059,W,,,,,Lower_Better,1,NO,Sineng,EH-1250/1725-HC/HB-UD,,,,,Data Pending
Performance & Efficiency,Aux,Night-time Consumption,P059,W,,,,,Lower_Better,1,NO,FIMER,PVS980-58BC 2500kVA,,,,,Data Pending
Performance & Efficiency,Aux,Night-time Consumption,P059,W,,,,,Lower_Better,1,NO,Inovance,IES920-07-2500-C-D-EU,,,,,Data Pending
Performance & Efficiency,Aux,Auxiliary Consumption,P060,W,,,,,Lower_Better,2,NO,Hopewind,Central PCS,,,,,Data Pending
Performance & Efficiency,Aux,Auxiliary Consumption,P060,W,,,,,Lower_Better,2,NO,Hoymiles,HPCS2500-E-S,,,,,Data Pending
Performance & Efficiency,Aux,Auxiliary Consumption,P060,W,,,,,Lower_Better,2,NO,Sineng,EH-1250/1725-HC/HB-UD,,,,,Data Pending
Performance & Efficiency,Aux,Auxiliary Consumption,P060,W,,,,,Lower_Better,2,NO,FIMER,PVS980-58BC 2500kVA,,,,,Data Pending
Performance & Efficiency,Aux,Auxiliary Consumption,P060,W,,,,,Lower_Better,2,NO,Inovance,IES920-07-2500-C-D-EU,,,,,Data Pending
Overload Capability,Overload,105% Overload Duration,P061,s,,,,,Higher_Better,1,NO,Hopewind,Central PCS,,,,,Data Pending
Overload Capability,Overload,105% Overload Duration,P061,s,,,,,Higher_Better,1,NO,Hoymiles,HPCS2500-E-S,,,,,Data Pending
Overload Capability,Overload,105% Overload Duration,P061,s,,,,,Higher_Better,1,NO,Sineng,EH-1250/1725-HC/HB-UD,,,,,Data Pending
Overload Capability,Overload,105% Overload Duration,P061,s,,,,,Higher_Better,1,NO,FIMER,PVS980-58BC 2500kVA,,,,,Data Pending
Overload Capability,Overload,105% Overload Duration,P061,s,,,,,Higher_Better,1,NO,Inovance,IES920-07-2500-C-D-EU,,,,,Data Pending
Overload Capability,Overload,110% Overload Duration,P062,s,≥ 60,60,,,Higher_Better,3,NO,Hopewind,Central PCS,,,,,Data Pending
Overload Capability,Overload,110% Overload Duration,P062,s,≥ 60,60,,,Higher_Better,3,NO,Hoymiles,HPCS2500-E-S,,,,,Data Pending
Overload Capability,Overload,110% Overload Duration,P062,s,≥ 60,60,,,Higher_Better,3,NO,Sineng,EH-1250/1725-HC/HB-UD,120,,Datasheet,2026-08-01,
Overload Capability,Overload,110% Overload Duration,P062,s,≥ 60,60,,,Higher_Better,3,NO,FIMER,PVS980-58BC 2500kVA,,,,,Data Pending
Overload Capability,Overload,110% Overload Duration,P062,s,≥ 60,60,,,Higher_Better,3,NO,Inovance,IES920-07-2500-C-D-EU,,,,,Data Pending
Overload Capability,Overload,120% Overload Duration,P063,s,≥ 60,60,,,Higher_Better,2,NO,Hopewind,Central PCS,,,,,Data Pending
Overload Capability,Overload,120% Overload Duration,P063,s,≥ 60,60,,,Higher_Better,2,NO,Hoymiles,HPCS2500-E-S,,,,,Data Pending
Overload Capability,Overload,120% Overload Duration,P063,s,≥ 60,60,,,Higher_Better,2,NO,Sineng,EH-1250/1725-HC/HB-UD,,,,,Data Pending
Overload Capability,Overload,120% Overload Duration,P063,s,≥ 60,60,,,Higher_Better,2,NO,FIMER,PVS980-58BC 2500kVA,,,,,Data Pending
Overload Capability,Overload,120% Overload Duration,P063,s,≥ 60,60,,,Higher_Better,2,NO,Inovance,IES920-07-2500-C-D-EU,,,,,Data Pending
Overload Capability,Overload,125% Overload Duration,P064,s,,,,,Higher_Better,1,NO,Hopewind,Central PCS,,,,,Data Pending
Overload Capability,Overload,125% Overload Duration,P064,s,,,,,Higher_Better,1,NO,Hoymiles,HPCS2500-E-S,,,,,Data Pending
Overload Capability,Overload,125% Overload Duration,P064,s,,,,,Higher_Better,1,NO,Sineng,EH-1250/1725-HC/HB-UD,,,,,Data Pending
Overload Capability,Overload,125% Overload Duration,P064,s,,,,,Higher_Better,1,NO,FIMER,PVS980-58BC 2500kVA,,,,,Data Pending
Overload Capability,Overload,125% Overload Duration,P064,s,,,,,Higher_Better,1,NO,Inovance,IES920-07-2500-C-D-EU,,,,,Data Pending
Overload Capability,Overload,150% Overload Duration,P065,s,,,,,Higher_Better,1,NO,Hopewind,Central PCS,,,,,Data Pending
Overload Capability,Overload,150% Overload Duration,P065,s,,,,,Higher_Better,1,NO,Hoymiles,HPCS2500-E-S,,,,,Data Pending
Overload Capability,Overload,150% Overload Duration,P065,s,,,,,Higher_Better,1,NO,Sineng,EH-1250/1725-HC/HB-UD,,,,,Data Pending
Overload Capability,Overload,150% Overload Duration,P065,s,,,,,Higher_Better,1,NO,FIMER,PVS980-58BC 2500kVA,,,,,Data Pending
Overload Capability,Overload,150% Overload Duration,P065,s,,,,,Higher_Better,1,NO,Inovance,IES920-07-2500-C-D-EU,,,,,Data Pending
Overload Capability,Current,Maximum AC Current (Overload),P066,A,,,,,Higher_Better,2,NO,Hopewind,Central PCS,,,,,Data Pending
Overload Capability,Current,Maximum AC Current (Overload),P066,A,,,,,Higher_Better,2,NO,Hoymiles,HPCS2500-E-S,,,,,Data Pending
Overload Capability,Current,Maximum AC Current (Overload),P066,A,,,,,Higher_Better,2,NO,Sineng,EH-1250/1725-HC/HB-UD,,,,,Data Pending
Overload Capability,Current,Maximum AC Current (Overload),P066,A,,,,,Higher_Better,2,NO,FIMER,PVS980-58BC 2500kVA,,,,,Data Pending
Overload Capability,Current,Maximum AC Current (Overload),P066,A,,,,,Higher_Better,2,NO,Inovance,IES920-07-2500-C-D-EU,,,,,Data Pending
Overload Capability,Current,Maximum DC Current (Overload),P067,A,,,,,Higher_Better,2,NO,Hopewind,Central PCS,,,,,Data Pending
Overload Capability,Current,Maximum DC Current (Overload),P067,A,,,,,Higher_Better,2,NO,Hoymiles,HPCS2500-E-S,,,,,Data Pending
Overload Capability,Current,Maximum DC Current (Overload),P067,A,,,,,Higher_Better,2,NO,Sineng,EH-1250/1725-HC/HB-UD,,,,,Data Pending
Overload Capability,Current,Maximum DC Current (Overload),P067,A,,,,,Higher_Better,2,NO,FIMER,PVS980-58BC 2500kVA,,,,,Data Pending
Overload Capability,Current,Maximum DC Current (Overload),P067,A,,,,,Higher_Better,2,NO,Inovance,IES920-07-2500-C-D-EU,,,,,Data Pending
Overload Capability,Fault,Short Circuit Current,P068,A,,,,,Higher_Better,2,NO,Hopewind,Central PCS,,,,,Data Pending
Overload Capability,Fault,Short Circuit Current,P068,A,,,,,Higher_Better,2,NO,Hoymiles,HPCS2500-E-S,8000,,Datasheet,2026-08-01,
Overload Capability,Fault,Short Circuit Current,P068,A,,,,,Higher_Better,2,NO,Sineng,EH-1250/1725-HC/HB-UD,,,,,Data Pending
Overload Capability,Fault,Short Circuit Current,P068,A,,,,,Higher_Better,2,NO,FIMER,PVS980-58BC 2500kVA,66,,Datasheet,2026-08-01,
Overload Capability,Fault,Short Circuit Current,P068,A,,,,,Higher_Better,2,NO,Inovance,IES920-07-2500-C-D-EU,,,,,Data Pending
Overload Capability,Fault,Fault Current Contribution,P069,A,,,,,Higher_Better,2,NO,Hopewind,Central PCS,,,,,Data Pending
Overload Capability,Fault,Fault Current Contribution,P069,A,,,,,Higher_Better,2,NO,Hoymiles,HPCS2500-E-S,,,,,Data Pending
Overload Capability,Fault,Fault Current Contribution,P069,A,,,,,Higher_Better,2,NO,Sineng,EH-1250/1725-HC/HB-UD,,,,,Data Pending
Overload Capability,Fault,Fault Current Contribution,P069,A,,,,,Higher_Better,2,NO,FIMER,PVS980-58BC 2500kVA,,,,,Data Pending
Overload Capability,Fault,Fault Current Contribution,P069,A,,,,,Higher_Better,2,NO,Inovance,IES920-07-2500-C-D-EU,,,,,Data Pending
Grid Support,Mode,Grid Following,P070,,YES,,,,Boolean,3,NO,Hopewind,Central PCS,YES,,Datasheet,2026-08-01,
Grid Support,Mode,Grid Following,P070,,YES,,,,Boolean,3,NO,Hoymiles,HPCS2500-E-S,YES,,Datasheet,2026-08-01,
Grid Support,Mode,Grid Following,P070,,YES,,,,Boolean,3,NO,Sineng,EH-1250/1725-HC/HB-UD,YES,,Datasheet,2026-08-01,
Grid Support,Mode,Grid Following,P070,,YES,,,,Boolean,3,NO,FIMER,PVS980-58BC 2500kVA,YES,,Datasheet,2026-08-01,
Grid Support,Mode,Grid Following,P070,,YES,,,,Boolean,3,NO,Inovance,IES920-07-2500-C-D-EU,YES,,Datasheet,2026-08-01,
Grid Support,Mode,Grid Forming,P071,,YES,,,,Boolean,5,YES,Hopewind,Central PCS,YES,,Datasheet,2026-08-01,
Grid Support,Mode,Grid Forming,P071,,YES,,,,Boolean,5,YES,Hoymiles,HPCS2500-E-S,YES,,Datasheet,2026-08-01,
Grid Support,Mode,Grid Forming,P071,,YES,,,,Boolean,5,YES,Sineng,EH-1250/1725-HC/HB-UD,YES,,Datasheet,2026-08-01,
Grid Support,Mode,Grid Forming,P071,,YES,,,,Boolean,5,YES,FIMER,PVS980-58BC 2500kVA,,,,,Data Pending
Grid Support,Mode,Grid Forming,P071,,YES,,,,Boolean,5,YES,Inovance,IES920-07-2500-C-D-EU,,,,,Data Pending
Grid Support,RideThrough,LVRT,P072,,YES,,,,Boolean,5,YES,Hopewind,Central PCS,YES,,Datasheet,2026-08-01,
Grid Support,RideThrough,LVRT,P072,,YES,,,,Boolean,5,YES,Hoymiles,HPCS2500-E-S,YES,,Datasheet,2026-08-01,
Grid Support,RideThrough,LVRT,P072,,YES,,,,Boolean,5,YES,Sineng,EH-1250/1725-HC/HB-UD,YES,,Datasheet,2026-08-01,
Grid Support,RideThrough,LVRT,P072,,YES,,,,Boolean,5,YES,FIMER,PVS980-58BC 2500kVA,,,,,Data Pending
Grid Support,RideThrough,LVRT,P072,,YES,,,,Boolean,5,YES,Inovance,IES920-07-2500-C-D-EU,YES,,Datasheet,2026-08-01,
Grid Support,RideThrough,HVRT,P073,,YES,,,,Boolean,4,YES,Hopewind,Central PCS,YES,,Datasheet,2026-08-01,
Grid Support,RideThrough,HVRT,P073,,YES,,,,Boolean,4,YES,Hoymiles,HPCS2500-E-S,YES,,Datasheet,2026-08-01,
Grid Support,RideThrough,HVRT,P073,,YES,,,,Boolean,4,YES,Sineng,EH-1250/1725-HC/HB-UD,YES,,Datasheet,2026-08-01,
Grid Support,RideThrough,HVRT,P073,,YES,,,,Boolean,4,YES,FIMER,PVS980-58BC 2500kVA,,,,,Data Pending
Grid Support,RideThrough,HVRT,P073,,YES,,,,Boolean,4,YES,Inovance,IES920-07-2500-C-D-EU,YES,,Datasheet,2026-08-01,
Grid Support,RideThrough,Frequency Ride Through,P074,,YES,,,,Boolean,3,NO,Hopewind,Central PCS,,,,,Data Pending
Grid Support,RideThrough,Frequency Ride Through,P074,,YES,,,,Boolean,3,NO,Hoymiles,HPCS2500-E-S,,,,,Data Pending
Grid Support,RideThrough,Frequency Ride Through,P074,,YES,,,,Boolean,3,NO,Sineng,EH-1250/1725-HC/HB-UD,,,,,Data Pending
Grid Support,RideThrough,Frequency Ride Through,P074,,YES,,,,Boolean,3,NO,FIMER,PVS980-58BC 2500kVA,,,,,Data Pending
Grid Support,RideThrough,Frequency Ride Through,P074,,YES,,,,Boolean,3,NO,Inovance,IES920-07-2500-C-D-EU,,,,,Data Pending
Grid Support,Control,Active Power Control,P075,,YES,,,,Boolean,3,NO,Hopewind,Central PCS,YES,,Datasheet,2026-08-01,
Grid Support,Control,Active Power Control,P075,,YES,,,,Boolean,3,NO,Hoymiles,HPCS2500-E-S,YES,,Datasheet,2026-08-01,
Grid Support,Control,Active Power Control,P075,,YES,,,,Boolean,3,NO,Sineng,EH-1250/1725-HC/HB-UD,,,,,Data Pending
Grid Support,Control,Active Power Control,P075,,YES,,,,Boolean,3,NO,FIMER,PVS980-58BC 2500kVA,,,,,Data Pending
Grid Support,Control,Active Power Control,P075,,YES,,,,Boolean,3,NO,Inovance,IES920-07-2500-C-D-EU,YES,,Datasheet,2026-08-01,
Grid Support,Control,Reactive Power Control,P076,,YES,,,,Boolean,3,NO,Hopewind,Central PCS,YES,,Datasheet,2026-08-01,
Grid Support,Control,Reactive Power Control,P076,,YES,,,,Boolean,3,NO,Hoymiles,HPCS2500-E-S,YES,,Datasheet,2026-08-01,
Grid Support,Control,Reactive Power Control,P076,,YES,,,,Boolean,3,NO,Sineng,EH-1250/1725-HC/HB-UD,YES,,Datasheet,2026-08-01,
Grid Support,Control,Reactive Power Control,P076,,YES,,,,Boolean,3,NO,FIMER,PVS980-58BC 2500kVA,,,,,Data Pending
Grid Support,Control,Reactive Power Control,P076,,YES,,,,Boolean,3,NO,Inovance,IES920-07-2500-C-D-EU,,,,,Data Pending
Grid Support,Control,Volt-VAR,P077,,YES,,,,Boolean,2,NO,Hopewind,Central PCS,,,,,Data Pending
Grid Support,Control,Volt-VAR,P077,,YES,,,,Boolean,2,NO,Hoymiles,HPCS2500-E-S,,,,,Data Pending
Grid Support,Control,Volt-VAR,P077,,YES,,,,Boolean,2,NO,Sineng,EH-1250/1725-HC/HB-UD,,,,,Data Pending
Grid Support,Control,Volt-VAR,P077,,YES,,,,Boolean,2,NO,FIMER,PVS980-58BC 2500kVA,,,,,Data Pending
Grid Support,Control,Volt-VAR,P077,,YES,,,,Boolean,2,NO,Inovance,IES920-07-2500-C-D-EU,,,,,Data Pending
Grid Support,Control,Volt-Watt,P078,,YES,,,,Boolean,2,NO,Hopewind,Central PCS,,,,,Data Pending
Grid Support,Control,Volt-Watt,P078,,YES,,,,Boolean,2,NO,Hoymiles,HPCS2500-E-S,,,,,Data Pending
Grid Support,Control,Volt-Watt,P078,,YES,,,,Boolean,2,NO,Sineng,EH-1250/1725-HC/HB-UD,,,,,Data Pending
Grid Support,Control,Volt-Watt,P078,,YES,,,,Boolean,2,NO,FIMER,PVS980-58BC 2500kVA,,,,,Data Pending
Grid Support,Control,Volt-Watt,P078,,YES,,,,Boolean,2,NO,Inovance,IES920-07-2500-C-D-EU,,,,,Data Pending
Grid Support,Control,Frequency-Watt,P079,,YES,,,,Boolean,2,NO,Hopewind,Central PCS,,,,,Data Pending
Grid Support,Control,Frequency-Watt,P079,,YES,,,,Boolean,2,NO,Hoymiles,HPCS2500-E-S,,,,,Data Pending
Grid Support,Control,Frequency-Watt,P079,,YES,,,,Boolean,2,NO,Sineng,EH-1250/1725-HC/HB-UD,,,,,Data Pending
Grid Support,Control,Frequency-Watt,P079,,YES,,,,Boolean,2,NO,FIMER,PVS980-58BC 2500kVA,,,,,Data Pending
Grid Support,Control,Frequency-Watt,P079,,YES,,,,Boolean,2,NO,Inovance,IES920-07-2500-C-D-EU,,,,,Data Pending
Grid Support,Control,Droop Control,P080,,YES,,,,Boolean,2,NO,Hopewind,Central PCS,,,,,Data Pending
Grid Support,Control,Droop Control,P080,,YES,,,,Boolean,2,NO,Hoymiles,HPCS2500-E-S,,,,,Data Pending
Grid Support,Control,Droop Control,P080,,YES,,,,Boolean,2,NO,Sineng,EH-1250/1725-HC/HB-UD,,,,,Data Pending
Grid Support,Control,Droop Control,P080,,YES,,,,Boolean,2,NO,FIMER,PVS980-58BC 2500kVA,,,,,Data Pending
Grid Support,Control,Droop Control,P080,,YES,,,,Boolean,2,NO,Inovance,IES920-07-2500-C-D-EU,,,,,Data Pending
Grid Support,Dynamic,Active Power Ramp Rate,P081,%/s,,,,,Higher_Better,2,NO,Hopewind,Central PCS,,,,,Data Pending
Grid Support,Dynamic,Active Power Ramp Rate,P081,%/s,,,,,Higher_Better,2,NO,Hoymiles,HPCS2500-E-S,,,,,Data Pending
Grid Support,Dynamic,Active Power Ramp Rate,P081,%/s,,,,,Higher_Better,2,NO,Sineng,EH-1250/1725-HC/HB-UD,,,,,Data Pending
Grid Support,Dynamic,Active Power Ramp Rate,P081,%/s,,,,,Higher_Better,2,NO,FIMER,PVS980-58BC 2500kVA,,,,,Data Pending
Grid Support,Dynamic,Active Power Ramp Rate,P081,%/s,,,,,Higher_Better,2,NO,Inovance,IES920-07-2500-C-D-EU,,,,,Data Pending
Grid Support,Dynamic,Reactive Power Response Time,P082,ms,,,,,Lower_Better,2,NO,Hopewind,Central PCS,,,,,Data Pending
Grid Support,Dynamic,Reactive Power Response Time,P082,ms,,,,,Lower_Better,2,NO,Hoymiles,HPCS2500-E-S,,,,,Data Pending
Grid Support,Dynamic,Reactive Power Response Time,P082,ms,,,,,Lower_Better,2,NO,Sineng,EH-1250/1725-HC/HB-UD,,,,,Data Pending
Grid Support,Dynamic,Reactive Power Response Time,P082,ms,,,,,Lower_Better,2,NO,FIMER,PVS980-58BC 2500kVA,,,,,Data Pending
Grid Support,Dynamic,Reactive Power Response Time,P082,ms,,,,,Lower_Better,2,NO,Inovance,IES920-07-2500-C-D-EU,,,,,Data Pending
Grid Support,Dynamic,Active Power Response Time,P083,ms,≤ 100,,100,,Lower_Better,3,NO,Hopewind,Central PCS,30,,Datasheet,2026-08-01,
Grid Support,Dynamic,Active Power Response Time,P083,ms,≤ 100,,100,,Lower_Better,3,NO,Hoymiles,HPCS2500-E-S,,,,,Data Pending
Grid Support,Dynamic,Active Power Response Time,P083,ms,≤ 100,,100,,Lower_Better,3,NO,Sineng,EH-1250/1725-HC/HB-UD,,,,,Data Pending
Grid Support,Dynamic,Active Power Response Time,P083,ms,≤ 100,,100,,Lower_Better,3,NO,FIMER,PVS980-58BC 2500kVA,,,,,Data Pending
Grid Support,Dynamic,Active Power Response Time,P083,ms,≤ 100,,100,,Lower_Better,3,NO,Inovance,IES920-07-2500-C-D-EU,30,,Datasheet,2026-08-01,
Grid Support,Advanced,Black Start,P084,,YES,,,,Boolean,3,NO,Hopewind,Central PCS,YES,,Datasheet,2026-08-01,
Grid Support,Advanced,Black Start,P084,,YES,,,,Boolean,3,NO,Hoymiles,HPCS2500-E-S,YES,,Datasheet,2026-08-01,
Grid Support,Advanced,Black Start,P084,,YES,,,,Boolean,3,NO,Sineng,EH-1250/1725-HC/HB-UD,YES,,Datasheet,2026-08-01,
Grid Support,Advanced,Black Start,P084,,YES,,,,Boolean,3,NO,FIMER,PVS980-58BC 2500kVA,,,,,Data Pending
Grid Support,Advanced,Black Start,P084,,YES,,,,Boolean,3,NO,Inovance,IES920-07-2500-C-D-EU,,,,,Data Pending
Grid Support,Advanced,Islanding Operation,P085,,YES,,,,Boolean,2,NO,Hopewind,Central PCS,,,,,Data Pending
Grid Support,Advanced,Islanding Operation,P085,,YES,,,,Boolean,2,NO,Hoymiles,HPCS2500-E-S,,,,,Data Pending
Grid Support,Advanced,Islanding Operation,P085,,YES,,,,Boolean,2,NO,Sineng,EH-1250/1725-HC/HB-UD,,,,,Data Pending
Grid Support,Advanced,Islanding Operation,P085,,YES,,,,Boolean,2,NO,FIMER,PVS980-58BC 2500kVA,,,,,Data Pending
Grid Support,Advanced,Islanding Operation,P085,,YES,,,,Boolean,2,NO,Inovance,IES920-07-2500-C-D-EU,,,,,Data Pending
Grid Support,Advanced,Synchronization Time,P086,s,,,,,Lower_Better,1,NO,Hopewind,Central PCS,,,,,Data Pending
Grid Support,Advanced,Synchronization Time,P086,s,,,,,Lower_Better,1,NO,Hoymiles,HPCS2500-E-S,,,,,Data Pending
Grid Support,Advanced,Synchronization Time,P086,s,,,,,Lower_Better,1,NO,Sineng,EH-1250/1725-HC/HB-UD,,,,,Data Pending
Grid Support,Advanced,Synchronization Time,P086,s,,,,,Lower_Better,1,NO,FIMER,PVS980-58BC 2500kVA,,,,,Data Pending
Grid Support,Advanced,Synchronization Time,P086,s,,,,,Lower_Better,1,NO,Inovance,IES920-07-2500-C-D-EU,,,,,Data Pending
Grid Support,Advanced,Virtual Synchronous Machine,P087,,YES,,,,Boolean,2,NO,Hopewind,Central PCS,YES,,Datasheet,2026-08-01,
Grid Support,Advanced,Virtual Synchronous Machine,P087,,YES,,,,Boolean,2,NO,Hoymiles,HPCS2500-E-S,YES,,Datasheet,2026-08-01,
Grid Support,Advanced,Virtual Synchronous Machine,P087,,YES,,,,Boolean,2,NO,Sineng,EH-1250/1725-HC/HB-UD,YES,,Datasheet,2026-08-01,
Grid Support,Advanced,Virtual Synchronous Machine,P087,,YES,,,,Boolean,2,NO,FIMER,PVS980-58BC 2500kVA,,,,,Data Pending
Grid Support,Advanced,Virtual Synchronous Machine,P087,,YES,,,,Boolean,2,NO,Inovance,IES920-07-2500-C-D-EU,YES,,Datasheet,2026-08-01,
Grid Support,Advanced,Synthetic Inertia,P088,,YES,,,,Boolean,2,NO,Hopewind,Central PCS,,,,,Data Pending
Grid Support,Advanced,Synthetic Inertia,P088,,YES,,,,Boolean,2,NO,Hoymiles,HPCS2500-E-S,,,,,Data Pending
Grid Support,Advanced,Synthetic Inertia,P088,,YES,,,,Boolean,2,NO,Sineng,EH-1250/1725-HC/HB-UD,,,,,Data Pending
Grid Support,Advanced,Synthetic Inertia,P088,,YES,,,,Boolean,2,NO,FIMER,PVS980-58BC 2500kVA,,,,,Data Pending
Grid Support,Advanced,Synthetic Inertia,P088,,YES,,,,Boolean,2,NO,Inovance,IES920-07-2500-C-D-EU,,,,,Data Pending
Thermal & Environmental,Temp,Minimum Operating Temperature,P089,°C,≤ -20,,-20,,Lower_Better,2,NO,Hopewind,Central PCS,-40,,Datasheet,2026-08-01,
Thermal & Environmental,Temp,Minimum Operating Temperature,P089,°C,≤ -20,,-20,,Lower_Better,2,NO,Hoymiles,HPCS2500-E-S,,,,,Data Pending
Thermal & Environmental,Temp,Minimum Operating Temperature,P089,°C,≤ -20,,-20,,Lower_Better,2,NO,Sineng,EH-1250/1725-HC/HB-UD,-40,,Datasheet,2026-08-01,
Thermal & Environmental,Temp,Minimum Operating Temperature,P089,°C,≤ -20,,-20,,Lower_Better,2,NO,FIMER,PVS980-58BC 2500kVA,-20,,Datasheet,2026-08-01,
Thermal & Environmental,Temp,Minimum Operating Temperature,P089,°C,≤ -20,,-20,,Lower_Better,2,NO,Inovance,IES920-07-2500-C-D-EU,-40,,Datasheet,2026-08-01,
Thermal & Environmental,Temp,Maximum Operating Temperature,P090,°C,≥ 60,60,,,Higher_Better,2,NO,Hopewind,Central PCS,60,,Datasheet,2026-08-01,
Thermal & Environmental,Temp,Maximum Operating Temperature,P090,°C,≥ 60,60,,,Higher_Better,2,NO,Hoymiles,HPCS2500-E-S,60,,Datasheet,2026-08-01,
Thermal & Environmental,Temp,Maximum Operating Temperature,P090,°C,≥ 60,60,,,Higher_Better,2,NO,Sineng,EH-1250/1725-HC/HB-UD,60,,Datasheet,2026-08-01,
Thermal & Environmental,Temp,Maximum Operating Temperature,P090,°C,≥ 60,60,,,Higher_Better,2,NO,FIMER,PVS980-58BC 2500kVA,60,,Datasheet,2026-08-01,
Thermal & Environmental,Temp,Maximum Operating Temperature,P090,°C,≥ 60,60,,,Higher_Better,2,NO,Inovance,IES920-07-2500-C-D-EU,60,,Datasheet,2026-08-01,
Thermal & Environmental,Temp,Full Rated Power Temperature,P091,°C,≥ 50,50,,55,Higher_Better,5,YES,Hopewind,Central PCS,50,,Datasheet,2026-08-01,
Thermal & Environmental,Temp,Full Rated Power Temperature,P091,°C,≥ 50,50,,55,Higher_Better,5,YES,Hoymiles,HPCS2500-E-S,,,,,Data Pending
Thermal & Environmental,Temp,Full Rated Power Temperature,P091,°C,≥ 50,50,,55,Higher_Better,5,YES,Sineng,EH-1250/1725-HC/HB-UD,55,,Datasheet,2026-08-01,
Thermal & Environmental,Temp,Full Rated Power Temperature,P091,°C,≥ 50,50,,55,Higher_Better,5,YES,FIMER,PVS980-58BC 2500kVA,50,,Datasheet,2026-08-01,
Thermal & Environmental,Temp,Full Rated Power Temperature,P091,°C,≥ 50,50,,55,Higher_Better,5,YES,Inovance,IES920-07-2500-C-D-EU,55,,Datasheet,2026-08-01,
Thermal & Environmental,Temp,Derating Start Temperature,P092,°C,≥ 50,50,,,Higher_Better,4,NO,Hopewind,Central PCS,,,,,Data Pending
Thermal & Environmental,Temp,Derating Start Temperature,P092,°C,≥ 50,50,,,Higher_Better,4,NO,Hoymiles,HPCS2500-E-S,,,,,Data Pending
Thermal & Environmental,Temp,Derating Start Temperature,P092,°C,≥ 50,50,,,Higher_Better,4,NO,Sineng,EH-1250/1725-HC/HB-UD,,,,,Data Pending
Thermal & Environmental,Temp,Derating Start Temperature,P092,°C,≥ 50,50,,,Higher_Better,4,NO,FIMER,PVS980-58BC 2500kVA,,,,,Data Pending
Thermal & Environmental,Temp,Derating Start Temperature,P092,°C,≥ 50,50,,,Higher_Better,4,NO,Inovance,IES920-07-2500-C-D-EU,,,,,Data Pending
Thermal & Environmental,Temp,Maximum Temperature,P093,°C,,,,,Higher_Better,1,NO,Hopewind,Central PCS,,,,,Data Pending
Thermal & Environmental,Temp,Maximum Temperature,P093,°C,,,,,Higher_Better,1,NO,Hoymiles,HPCS2500-E-S,,,,,Data Pending
Thermal & Environmental,Temp,Maximum Temperature,P093,°C,,,,,Higher_Better,1,NO,Sineng,EH-1250/1725-HC/HB-UD,,,,,Data Pending
Thermal & Environmental,Temp,Maximum Temperature,P093,°C,,,,,Higher_Better,1,NO,FIMER,PVS980-58BC 2500kVA,,,,,Data Pending
Thermal & Environmental,Temp,Maximum Temperature,P093,°C,,,,,Higher_Better,1,NO,Inovance,IES920-07-2500-C-D-EU,,,,,Data Pending
Thermal & Environmental,Temp,Temperature Derating,P094,%/°C,,,,,Lower_Better,2,NO,Hopewind,Central PCS,,,,,Data Pending
Thermal & Environmental,Temp,Temperature Derating,P094,%/°C,,,,,Lower_Better,2,NO,Hoymiles,HPCS2500-E-S,,,,,Data Pending
Thermal & Environmental,Temp,Temperature Derating,P094,%/°C,,,,,Lower_Better,2,NO,Sineng,EH-1250/1725-HC/HB-UD,,,,,Data Pending
Thermal & Environmental,Temp,Temperature Derating,P094,%/°C,,,,,Lower_Better,2,NO,FIMER,PVS980-58BC 2500kVA,,,,,Data Pending
Thermal & Environmental,Temp,Temperature Derating,P094,%/°C,,,,,Lower_Better,2,NO,Inovance,IES920-07-2500-C-D-EU,,,,,Data Pending
Thermal & Environmental,Storage,Minimum Storage Temperature,P095,°C,,,,,Lower_Better,1,NO,Hopewind,Central PCS,,,,,Data Pending
Thermal & Environmental,Storage,Minimum Storage Temperature,P095,°C,,,,,Lower_Better,1,NO,Hoymiles,HPCS2500-E-S,,,,,Data Pending
Thermal & Environmental,Storage,Minimum Storage Temperature,P095,°C,,,,,Lower_Better,1,NO,Sineng,EH-1250/1725-HC/HB-UD,,,,,Data Pending
Thermal & Environmental,Storage,Minimum Storage Temperature,P095,°C,,,,,Lower_Better,1,NO,FIMER,PVS980-58BC 2500kVA,,,,,Data Pending
Thermal & Environmental,Storage,Minimum Storage Temperature,P095,°C,,,,,Lower_Better,1,NO,Inovance,IES920-07-2500-C-D-EU,,,,,Data Pending
Thermal & Environmental,Storage,Maximum Storage Temperature,P096,°C,,,,,Higher_Better,1,NO,Hopewind,Central PCS,,,,,Data Pending
Thermal & Environmental,Storage,Maximum Storage Temperature,P096,°C,,,,,Higher_Better,1,NO,Hoymiles,HPCS2500-E-S,,,,,Data Pending
Thermal & Environmental,Storage,Maximum Storage Temperature,P096,°C,,,,,Higher_Better,1,NO,Sineng,EH-1250/1725-HC/HB-UD,,,,,Data Pending
Thermal & Environmental,Storage,Maximum Storage Temperature,P096,°C,,,,,Higher_Better,1,NO,FIMER,PVS980-58BC 2500kVA,,,,,Data Pending
Thermal & Environmental,Storage,Maximum Storage Temperature,P096,°C,,,,,Higher_Better,1,NO,Inovance,IES920-07-2500-C-D-EU,,,,,Data Pending
Thermal & Environmental,Env,Relative Humidity,P097,%,0-100,,,,Range,2,NO,Hopewind,Central PCS,0-100,,Datasheet,2026-08-01,
Thermal & Environmental,Env,Relative Humidity,P097,%,0-100,,,,Range,2,NO,Hoymiles,HPCS2500-E-S,0-100,,Datasheet,2026-08-01,
Thermal & Environmental,Env,Relative Humidity,P097,%,0-100,,,,Range,2,NO,Sineng,EH-1250/1725-HC/HB-UD,0-100,,Datasheet,2026-08-01,
Thermal & Environmental,Env,Relative Humidity,P097,%,0-100,,,,Range,2,NO,FIMER,PVS980-58BC 2500kVA,0-100,,Datasheet,2026-08-01,
Thermal & Environmental,Env,Relative Humidity,P097,%,0-100,,,,Range,2,NO,Inovance,IES920-07-2500-C-D-EU,0-100,,Datasheet,2026-08-01,
Thermal & Environmental,Env,Maximum Altitude,P098,m,≥ 3000,3000,,,Higher_Better,3,NO,Hopewind,Central PCS,4000,,Datasheet,2026-08-01,
Thermal & Environmental,Env,Maximum Altitude,P098,m,≥ 3000,3000,,,Higher_Better,3,NO,Hoymiles,HPCS2500-E-S,5000,,Datasheet,2026-08-01,
Thermal & Environmental,Env,Maximum Altitude,P098,m,≥ 3000,3000,,,Higher_Better,3,NO,Sineng,EH-1250/1725-HC/HB-UD,5000,,Datasheet,2026-08-01,
Thermal & Environmental,Env,Maximum Altitude,P098,m,≥ 3000,3000,,,Higher_Better,3,NO,FIMER,PVS980-58BC 2500kVA,4000,,Datasheet,2026-08-01,
Thermal & Environmental,Env,Maximum Altitude,P098,m,≥ 3000,3000,,,Higher_Better,3,NO,Inovance,IES920-07-2500-C-D-EU,3000,,Datasheet,2026-08-01,
Thermal & Environmental,Env,Altitude Derating,P099,,,,,,Text,1,NO,Hopewind,Central PCS,,,,,Data Pending
Thermal & Environmental,Env,Altitude Derating,P099,,,,,,Text,1,NO,Hoymiles,HPCS2500-E-S,,,,,Data Pending
Thermal & Environmental,Env,Altitude Derating,P099,,,,,,Text,1,NO,Sineng,EH-1250/1725-HC/HB-UD,,,,,Data Pending
Thermal & Environmental,Env,Altitude Derating,P099,,,,,,Text,1,NO,FIMER,PVS980-58BC 2500kVA,,,,,Data Pending
Thermal & Environmental,Env,Altitude Derating,P099,,,,,,Text,1,NO,Inovance,IES920-07-2500-C-D-EU,,,,,Data Pending
Thermal & Environmental,Cooling,Cooling Type,P100,,,,,,Text,2,NO,Hopewind,Central PCS,Liquid cooled,,Datasheet,2026-08-01,
Thermal & Environmental,Cooling,Cooling Type,P100,,,,,,Text,2,NO,Hoymiles,HPCS2500-E-S,Liquid cooling,,Datasheet,2026-08-01,
Thermal & Environmental,Cooling,Cooling Type,P100,,,,,,Text,2,NO,Sineng,EH-1250/1725-HC/HB-UD,advanced 2 phase + forced air cooling,,Datasheet,2026-08-01,
Thermal & Environmental,Cooling,Cooling Type,P100,,,,,,Text,2,NO,FIMER,PVS980-58BC 2500kVA,"Patented self-contained thermosyphon (liquid-cooled ratings, air-cooling simplicity)",,Datasheet,2026-08-01,
Thermal & Environmental,Cooling,Cooling Type,P100,,,,,,Text,2,NO,Inovance,IES920-07-2500-C-D-EU,Air-Liquid cooling,,Datasheet,2026-08-01,
Thermal & Environmental,Cooling,Cooling Power Consumption,P101,W,,,,,Lower_Better,1,NO,Hopewind,Central PCS,,,,,Data Pending
Thermal & Environmental,Cooling,Cooling Power Consumption,P101,W,,,,,Lower_Better,1,NO,Hoymiles,HPCS2500-E-S,,,,,Data Pending
Thermal & Environmental,Cooling,Cooling Power Consumption,P101,W,,,,,Lower_Better,1,NO,Sineng,EH-1250/1725-HC/HB-UD,,,,,Data Pending
Thermal & Environmental,Cooling,Cooling Power Consumption,P101,W,,,,,Lower_Better,1,NO,FIMER,PVS980-58BC 2500kVA,,,,,Data Pending
Thermal & Environmental,Cooling,Cooling Power Consumption,P101,W,,,,,Lower_Better,1,NO,Inovance,IES920-07-2500-C-D-EU,,,,,Data Pending
Thermal & Environmental,Env,Noise,P102,dB,≤ 80,,80,,Lower_Better,2,NO,Hopewind,Central PCS,,,,,Data Pending
Thermal & Environmental,Env,Noise,P102,dB,≤ 80,,80,,Lower_Better,2,NO,Hoymiles,HPCS2500-E-S,,,,,Data Pending
Thermal & Environmental,Env,Noise,P102,dB,≤ 80,,80,,Lower_Better,2,NO,Sineng,EH-1250/1725-HC/HB-UD,,,,,Data Pending
Thermal & Environmental,Env,Noise,P102,dB,≤ 80,,80,,Lower_Better,2,NO,FIMER,PVS980-58BC 2500kVA,,,,,Data Pending
Thermal & Environmental,Env,Noise,P102,dB,≤ 80,,80,,Lower_Better,2,NO,Inovance,IES920-07-2500-C-D-EU,,,,,Data Pending
Thermal & Environmental,Enclosure,IP Rating (Env),P103,IP,≥ 54,54,,,Higher_Better,3,NO,Hopewind,Central PCS,,,,,Data Pending
Thermal & Environmental,Enclosure,IP Rating (Env),P103,IP,≥ 54,54,,,Higher_Better,3,NO,Hoymiles,HPCS2500-E-S,,,,,Data Pending
Thermal & Environmental,Enclosure,IP Rating (Env),P103,IP,≥ 54,54,,,Higher_Better,3,NO,Sineng,EH-1250/1725-HC/HB-UD,,,,,Data Pending
Thermal & Environmental,Enclosure,IP Rating (Env),P103,IP,≥ 54,54,,,Higher_Better,3,NO,FIMER,PVS980-58BC 2500kVA,,,,,Data Pending
Thermal & Environmental,Enclosure,IP Rating (Env),P103,IP,≥ 54,54,,,Higher_Better,3,NO,Inovance,IES920-07-2500-C-D-EU,,,,,Data Pending
Thermal & Environmental,Env,Corrosion Protection,P104,,C4/C5,,,,Text,3,NO,Hopewind,Central PCS,C5,,Datasheet,2026-08-01,
Thermal & Environmental,Env,Corrosion Protection,P104,,C4/C5,,,,Text,3,NO,Hoymiles,HPCS2500-E-S,,,,,Data Pending
Thermal & Environmental,Env,Corrosion Protection,P104,,C4/C5,,,,Text,3,NO,Sineng,EH-1250/1725-HC/HB-UD,C4,,Datasheet,2026-08-01,
Thermal & Environmental,Env,Corrosion Protection,P104,,C4/C5,,,,Text,3,NO,FIMER,PVS980-58BC 2500kVA,,,,,Data Pending
Thermal & Environmental,Env,Corrosion Protection,P104,,C4/C5,,,,Text,3,NO,Inovance,IES920-07-2500-C-D-EU,,,,,Data Pending
Thermal & Environmental,Env,Salt Mist Resistance,P105,,YES,,,,Boolean,2,NO,Hopewind,Central PCS,YES,,Datasheet,2026-08-01,
Thermal & Environmental,Env,Salt Mist Resistance,P105,,YES,,,,Boolean,2,NO,Hoymiles,HPCS2500-E-S,YES,,Datasheet,2026-08-01,
Thermal & Environmental,Env,Salt Mist Resistance,P105,,YES,,,,Boolean,2,NO,Sineng,EH-1250/1725-HC/HB-UD,,,,,Data Pending
Thermal & Environmental,Env,Salt Mist Resistance,P105,,YES,,,,Boolean,2,NO,FIMER,PVS980-58BC 2500kVA,,,,,Data Pending
Thermal & Environmental,Env,Salt Mist Resistance,P105,,YES,,,,Boolean,2,NO,Inovance,IES920-07-2500-C-D-EU,,,,,Data Pending
Protection & Safety,Protection,AC Overvoltage Protection,P106,,YES,,,,Boolean,3,NO,Hopewind,Central PCS,,,,,Data Pending
Protection & Safety,Protection,AC Overvoltage Protection,P106,,YES,,,,Boolean,3,NO,Hoymiles,HPCS2500-E-S,,,,,Data Pending
Protection & Safety,Protection,AC Overvoltage Protection,P106,,YES,,,,Boolean,3,NO,Sineng,EH-1250/1725-HC/HB-UD,,,,,Data Pending
Protection & Safety,Protection,AC Overvoltage Protection,P106,,YES,,,,Boolean,3,NO,FIMER,PVS980-58BC 2500kVA,,,,,Data Pending
Protection & Safety,Protection,AC Overvoltage Protection,P106,,YES,,,,Boolean,3,NO,Inovance,IES920-07-2500-C-D-EU,,,,,Data Pending
Protection & Safety,Protection,AC Undervoltage Protection,P107,,YES,,,,Boolean,3,NO,Hopewind,Central PCS,,,,,Data Pending
Protection & Safety,Protection,AC Undervoltage Protection,P107,,YES,,,,Boolean,3,NO,Hoymiles,HPCS2500-E-S,,,,,Data Pending
Protection & Safety,Protection,AC Undervoltage Protection,P107,,YES,,,,Boolean,3,NO,Sineng,EH-1250/1725-HC/HB-UD,,,,,Data Pending
Protection & Safety,Protection,AC Undervoltage Protection,P107,,YES,,,,Boolean,3,NO,FIMER,PVS980-58BC 2500kVA,,,,,Data Pending
Protection & Safety,Protection,AC Undervoltage Protection,P107,,YES,,,,Boolean,3,NO,Inovance,IES920-07-2500-C-D-EU,,,,,Data Pending
Protection & Safety,Protection,DC Overvoltage Protection,P108,,YES,,,,Boolean,3,NO,Hopewind,Central PCS,,,,,Data Pending
Protection & Safety,Protection,DC Overvoltage Protection,P108,,YES,,,,Boolean,3,NO,Hoymiles,HPCS2500-E-S,,,,,Data Pending
Protection & Safety,Protection,DC Overvoltage Protection,P108,,YES,,,,Boolean,3,NO,Sineng,EH-1250/1725-HC/HB-UD,,,,,Data Pending
Protection & Safety,Protection,DC Overvoltage Protection,P108,,YES,,,,Boolean,3,NO,FIMER,PVS980-58BC 2500kVA,,,,,Data Pending
Protection & Safety,Protection,DC Overvoltage Protection,P108,,YES,,,,Boolean,3,NO,Inovance,IES920-07-2500-C-D-EU,,,,,Data Pending
Protection & Safety,Protection,DC Undervoltage Protection,P109,,YES,,,,Boolean,3,NO,Hopewind,Central PCS,,,,,Data Pending
Protection & Safety,Protection,DC Undervoltage Protection,P109,,YES,,,,Boolean,3,NO,Hoymiles,HPCS2500-E-S,,,,,Data Pending
Protection & Safety,Protection,DC Undervoltage Protection,P109,,YES,,,,Boolean,3,NO,Sineng,EH-1250/1725-HC/HB-UD,,,,,Data Pending
Protection & Safety,Protection,DC Undervoltage Protection,P109,,YES,,,,Boolean,3,NO,FIMER,PVS980-58BC 2500kVA,,,,,Data Pending
Protection & Safety,Protection,DC Undervoltage Protection,P109,,YES,,,,Boolean,3,NO,Inovance,IES920-07-2500-C-D-EU,,,,,Data Pending
Protection & Safety,Protection,Overcurrent Protection,P110,,YES,,,,Boolean,4,YES,Hopewind,Central PCS,YES,,Datasheet,2026-08-01,
Protection & Safety,Protection,Overcurrent Protection,P110,,YES,,,,Boolean,4,YES,Hoymiles,HPCS2500-E-S,YES,,Datasheet,2026-08-01,
Protection & Safety,Protection,Overcurrent Protection,P110,,YES,,,,Boolean,4,YES,Sineng,EH-1250/1725-HC/HB-UD,YES,,Datasheet,2026-08-01,
Protection & Safety,Protection,Overcurrent Protection,P110,,YES,,,,Boolean,4,YES,FIMER,PVS980-58BC 2500kVA,YES,,Datasheet,2026-08-01,
Protection & Safety,Protection,Overcurrent Protection,P110,,YES,,,,Boolean,4,YES,Inovance,IES920-07-2500-C-D-EU,,,,,Data Pending
Protection & Safety,Protection,Short Circuit Protection,P111,,YES,,,,Boolean,4,YES,Hopewind,Central PCS,,,,,Data Pending
Protection & Safety,Protection,Short Circuit Protection,P111,,YES,,,,Boolean,4,YES,Hoymiles,HPCS2500-E-S,,,,,Data Pending
Protection & Safety,Protection,Short Circuit Protection,P111,,YES,,,,Boolean,4,YES,Sineng,EH-1250/1725-HC/HB-UD,,,,,Data Pending
Protection & Safety,Protection,Short Circuit Protection,P111,,YES,,,,Boolean,4,YES,FIMER,PVS980-58BC 2500kVA,,,,,Data Pending
Protection & Safety,Protection,Short Circuit Protection,P111,,YES,,,,Boolean,4,YES,Inovance,IES920-07-2500-C-D-EU,,,,,Data Pending
Protection & Safety,Protection,Overtemperature Protection,P112,,YES,,,,Boolean,3,NO,Hopewind,Central PCS,,,,,Data Pending
Protection & Safety,Protection,Overtemperature Protection,P112,,YES,,,,Boolean,3,NO,Hoymiles,HPCS2500-E-S,,,,,Data Pending
Protection & Safety,Protection,Overtemperature Protection,P112,,YES,,,,Boolean,3,NO,Sineng,EH-1250/1725-HC/HB-UD,,,,,Data Pending
Protection & Safety,Protection,Overtemperature Protection,P112,,YES,,,,Boolean,3,NO,FIMER,PVS980-58BC 2500kVA,,,,,Data Pending
Protection & Safety,Protection,Overtemperature Protection,P112,,YES,,,,Boolean,3,NO,Inovance,IES920-07-2500-C-D-EU,,,,,Data Pending
Protection & Safety,Protection,Insulation Monitoring,P113,,YES,,,,Boolean,3,NO,Hopewind,Central PCS,,,,,Data Pending
Protection & Safety,Protection,Insulation Monitoring,P113,,YES,,,,Boolean,3,NO,Hoymiles,HPCS2500-E-S,YES,,Datasheet,2026-08-01,
Protection & Safety,Protection,Insulation Monitoring,P113,,YES,,,,Boolean,3,NO,Sineng,EH-1250/1725-HC/HB-UD,YES,,Datasheet,2026-08-01,
Protection & Safety,Protection,Insulation Monitoring,P113,,YES,,,,Boolean,3,NO,FIMER,PVS980-58BC 2500kVA,,,,,Data Pending
Protection & Safety,Protection,Insulation Monitoring,P113,,YES,,,,Boolean,3,NO,Inovance,IES920-07-2500-C-D-EU,,,,,Data Pending
Protection & Safety,Protection,Ground Fault Protection,P114,,YES,,,,Boolean,4,YES,Hopewind,Central PCS,YES,,Datasheet,2026-08-01,
Protection & Safety,Protection,Ground Fault Protection,P114,,YES,,,,Boolean,4,YES,Hoymiles,HPCS2500-E-S,YES,,Datasheet,2026-08-01,
Protection & Safety,Protection,Ground Fault Protection,P114,,YES,,,,Boolean,4,YES,Sineng,EH-1250/1725-HC/HB-UD,YES,,Datasheet,2026-08-01,
Protection & Safety,Protection,Ground Fault Protection,P114,,YES,,,,Boolean,4,YES,FIMER,PVS980-58BC 2500kVA,YES,,Datasheet,2026-08-01,
Protection & Safety,Protection,Ground Fault Protection,P114,,YES,,,,Boolean,4,YES,Inovance,IES920-07-2500-C-D-EU,,,,,Data Pending
Protection & Safety,Protection,Anti-Islanding,P115,,YES,,,,Boolean,4,YES,Hopewind,Central PCS,YES,,Datasheet,2026-08-01,
Protection & Safety,Protection,Anti-Islanding,P115,,YES,,,,Boolean,4,YES,Hoymiles,HPCS2500-E-S,YES,,Datasheet,2026-08-01,
Protection & Safety,Protection,Anti-Islanding,P115,,YES,,,,Boolean,4,YES,Sineng,EH-1250/1725-HC/HB-UD,YES,,Datasheet,2026-08-01,
Protection & Safety,Protection,Anti-Islanding,P115,,YES,,,,Boolean,4,YES,FIMER,PVS980-58BC 2500kVA,YES,,Datasheet,2026-08-01,
Protection & Safety,Protection,Anti-Islanding,P115,,YES,,,,Boolean,4,YES,Inovance,IES920-07-2500-C-D-EU,,,,,Data Pending
Protection & Safety,Protection,SPD,P116,,YES,,,,Boolean,3,NO,Hopewind,Central PCS,,,,,Data Pending
Protection & Safety,Protection,SPD,P116,,YES,,,,Boolean,3,NO,Hoymiles,HPCS2500-E-S,,,,,Data Pending
Protection & Safety,Protection,SPD,P116,,YES,,,,Boolean,3,NO,Sineng,EH-1250/1725-HC/HB-UD,,,,,Data Pending
Protection & Safety,Protection,SPD,P116,,YES,,,,Boolean,3,NO,FIMER,PVS980-58BC 2500kVA,,,,,Data Pending
Protection & Safety,Protection,SPD,P116,,YES,,,,Boolean,3,NO,Inovance,IES920-07-2500-C-D-EU,,,,,Data Pending
Protection & Safety,Protection,Emergency Stop,P117,,YES,,,,Boolean,4,YES,Hopewind,Central PCS,YES,,Datasheet,2026-08-01,
Protection & Safety,Protection,Emergency Stop,P117,,YES,,,,Boolean,4,YES,Hoymiles,HPCS2500-E-S,YES,,Datasheet,2026-08-01,
Protection & Safety,Protection,Emergency Stop,P117,,YES,,,,Boolean,4,YES,Sineng,EH-1250/1725-HC/HB-UD,YES,,Datasheet,2026-08-01,
Protection & Safety,Protection,Emergency Stop,P117,,YES,,,,Boolean,4,YES,FIMER,PVS980-58BC 2500kVA,,,,,Data Pending
Protection & Safety,Protection,Emergency Stop,P117,,YES,,,,Boolean,4,YES,Inovance,IES920-07-2500-C-D-EU,,,,,Data Pending
Protection & Safety,Protection,Fire System Interlock,P118,,YES,,,,Boolean,3,NO,Hopewind,Central PCS,,,,,Data Pending
Protection & Safety,Protection,Fire System Interlock,P118,,YES,,,,Boolean,3,NO,Hoymiles,HPCS2500-E-S,,,,,Data Pending
Protection & Safety,Protection,Fire System Interlock,P118,,YES,,,,Boolean,3,NO,Sineng,EH-1250/1725-HC/HB-UD,,,,,Data Pending
Protection & Safety,Protection,Fire System Interlock,P118,,YES,,,,Boolean,3,NO,FIMER,PVS980-58BC 2500kVA,,,,,Data Pending
Protection & Safety,Protection,Fire System Interlock,P118,,YES,,,,Boolean,3,NO,Inovance,IES920-07-2500-C-D-EU,,,,,Data Pending
Protection & Safety,Protection,BMS Interlock,P119,,YES,,,,Boolean,3,NO,Hopewind,Central PCS,,,,,Data Pending
Protection & Safety,Protection,BMS Interlock,P119,,YES,,,,Boolean,3,NO,Hoymiles,HPCS2500-E-S,,,,,Data Pending
Protection & Safety,Protection,BMS Interlock,P119,,YES,,,,Boolean,3,NO,Sineng,EH-1250/1725-HC/HB-UD,,,,,Data Pending
Protection & Safety,Protection,BMS Interlock,P119,,YES,,,,Boolean,3,NO,FIMER,PVS980-58BC 2500kVA,,,,,Data Pending
Protection & Safety,Protection,BMS Interlock,P119,,YES,,,,Boolean,3,NO,Inovance,IES920-07-2500-C-D-EU,,,,,Data Pending
Protection & Safety,Protection,EMS Interlock,P120,,YES,,,,Boolean,2,NO,Hopewind,Central PCS,,,,,Data Pending
Protection & Safety,Protection,EMS Interlock,P120,,YES,,,,Boolean,2,NO,Hoymiles,HPCS2500-E-S,,,,,Data Pending
Protection & Safety,Protection,EMS Interlock,P120,,YES,,,,Boolean,2,NO,Sineng,EH-1250/1725-HC/HB-UD,,,,,Data Pending
Protection & Safety,Protection,EMS Interlock,P120,,YES,,,,Boolean,2,NO,FIMER,PVS980-58BC 2500kVA,,,,,Data Pending
Protection & Safety,Protection,EMS Interlock,P120,,YES,,,,Boolean,2,NO,Inovance,IES920-07-2500-C-D-EU,,,,,Data Pending
Protection & Safety,Protection,HVAC Interlock,P121,,YES,,,,Boolean,1,NO,Hopewind,Central PCS,,,,,Data Pending
Protection & Safety,Protection,HVAC Interlock,P121,,YES,,,,Boolean,1,NO,Hoymiles,HPCS2500-E-S,,,,,Data Pending
Protection & Safety,Protection,HVAC Interlock,P121,,YES,,,,Boolean,1,NO,Sineng,EH-1250/1725-HC/HB-UD,,,,,Data Pending
Protection & Safety,Protection,HVAC Interlock,P121,,YES,,,,Boolean,1,NO,FIMER,PVS980-58BC 2500kVA,,,,,Data Pending
Protection & Safety,Protection,HVAC Interlock,P121,,YES,,,,Boolean,1,NO,Inovance,IES920-07-2500-C-D-EU,,,,,Data Pending
Protection & Safety,Protection,Arc Fault Detection,P122,,YES,,,,Boolean,2,NO,Hopewind,Central PCS,,,,,Data Pending
Protection & Safety,Protection,Arc Fault Detection,P122,,YES,,,,Boolean,2,NO,Hoymiles,HPCS2500-E-S,,,,,Data Pending
Protection & Safety,Protection,Arc Fault Detection,P122,,YES,,,,Boolean,2,NO,Sineng,EH-1250/1725-HC/HB-UD,,,,,Data Pending
Protection & Safety,Protection,Arc Fault Detection,P122,,YES,,,,Boolean,2,NO,FIMER,PVS980-58BC 2500kVA,,,,,Data Pending
Protection & Safety,Protection,Arc Fault Detection,P122,,YES,,,,Boolean,2,NO,Inovance,IES920-07-2500-C-D-EU,,,,,Data Pending
Protection & Safety,Protection,SPD Type,P123,,Type I+II,,,,Text,1,NO,Hopewind,Central PCS,,,,,Data Pending
Protection & Safety,Protection,SPD Type,P123,,Type I+II,,,,Text,1,NO,Hoymiles,HPCS2500-E-S,,,,,Data Pending
Protection & Safety,Protection,SPD Type,P123,,Type I+II,,,,Text,1,NO,Sineng,EH-1250/1725-HC/HB-UD,,,,,Data Pending
Protection & Safety,Protection,SPD Type,P123,,Type I+II,,,,Text,1,NO,FIMER,PVS980-58BC 2500kVA,,,,,Data Pending
Protection & Safety,Protection,SPD Type,P123,,Type I+II,,,,Text,1,NO,Inovance,IES920-07-2500-C-D-EU,,,,,Data Pending
Communication & Control,Comms,CAN,P124,,YES,,,,Boolean,3,NO,Hopewind,Central PCS,,,,,Data Pending
Communication & Control,Comms,CAN,P124,,YES,,,,Boolean,3,NO,Hoymiles,HPCS2500-E-S,,,,,Data Pending
Communication & Control,Comms,CAN,P124,,YES,,,,Boolean,3,NO,Sineng,EH-1250/1725-HC/HB-UD,,,,,Data Pending
Communication & Control,Comms,CAN,P124,,YES,,,,Boolean,3,NO,FIMER,PVS980-58BC 2500kVA,,,,,Data Pending
Communication & Control,Comms,CAN,P124,,YES,,,,Boolean,3,NO,Inovance,IES920-07-2500-C-D-EU,,,,,Data Pending
Communication & Control,Comms,Modbus TCP,P125,,YES,,,,Boolean,4,NO,Hopewind,Central PCS,,,,,Data Pending
Communication & Control,Comms,Modbus TCP,P125,,YES,,,,Boolean,4,NO,Hoymiles,HPCS2500-E-S,YES,,Datasheet,2026-08-01,
Communication & Control,Comms,Modbus TCP,P125,,YES,,,,Boolean,4,NO,Sineng,EH-1250/1725-HC/HB-UD,YES,,Datasheet,2026-08-01,
Communication & Control,Comms,Modbus TCP,P125,,YES,,,,Boolean,4,NO,FIMER,PVS980-58BC 2500kVA,,,,,Data Pending
Communication & Control,Comms,Modbus TCP,P125,,YES,,,,Boolean,4,NO,Inovance,IES920-07-2500-C-D-EU,YES,,Datasheet,2026-08-01,
Communication & Control,Comms,Modbus RTU,P126,,YES,,,,Boolean,3,NO,Hopewind,Central PCS,,,,,Data Pending
Communication & Control,Comms,Modbus RTU,P126,,YES,,,,Boolean,3,NO,Hoymiles,HPCS2500-E-S,,,,,Data Pending
Communication & Control,Comms,Modbus RTU,P126,,YES,,,,Boolean,3,NO,Sineng,EH-1250/1725-HC/HB-UD,,,,,Data Pending
Communication & Control,Comms,Modbus RTU,P126,,YES,,,,Boolean,3,NO,FIMER,PVS980-58BC 2500kVA,,,,,Data Pending
Communication & Control,Comms,Modbus RTU,P126,,YES,,,,Boolean,3,NO,Inovance,IES920-07-2500-C-D-EU,,,,,Data Pending
Communication & Control,Comms,IEC 61850,P127,,YES,,,,Boolean,4,NO,Hopewind,Central PCS,YES,,Datasheet,2026-08-01,
Communication & Control,Comms,IEC 61850,P127,,YES,,,,Boolean,4,NO,Hoymiles,HPCS2500-E-S,YES,,Datasheet,2026-08-01,
Communication & Control,Comms,IEC 61850,P127,,YES,,,,Boolean,4,NO,Sineng,EH-1250/1725-HC/HB-UD,YES,,Datasheet,2026-08-01,
Communication & Control,Comms,IEC 61850,P127,,YES,,,,Boolean,4,NO,FIMER,PVS980-58BC 2500kVA,,,,,Data Pending
Communication & Control,Comms,IEC 61850,P127,,YES,,,,Boolean,4,NO,Inovance,IES920-07-2500-C-D-EU,YES,,Datasheet,2026-08-01,
Communication & Control,Comms,IEC 60870-5-104,P128,,YES,,,,Boolean,3,NO,Hopewind,Central PCS,,,,,Data Pending
Communication & Control,Comms,IEC 60870-5-104,P128,,YES,,,,Boolean,3,NO,Hoymiles,HPCS2500-E-S,,,,,Data Pending
Communication & Control,Comms,IEC 60870-5-104,P128,,YES,,,,Boolean,3,NO,Sineng,EH-1250/1725-HC/HB-UD,,,,,Data Pending
Communication & Control,Comms,IEC 60870-5-104,P128,,YES,,,,Boolean,3,NO,FIMER,PVS980-58BC 2500kVA,,,,,Data Pending
Communication & Control,Comms,IEC 60870-5-104,P128,,YES,,,,Boolean,3,NO,Inovance,IES920-07-2500-C-D-EU,,,,,Data Pending
Communication & Control,Comms,Ethernet,P129,,YES,,,,Boolean,3,NO,Hopewind,Central PCS,,,,,Data Pending
Communication & Control,Comms,Ethernet,P129,,YES,,,,Boolean,3,NO,Hoymiles,HPCS2500-E-S,,,,,Data Pending
Communication & Control,Comms,Ethernet,P129,,YES,,,,Boolean,3,NO,Sineng,EH-1250/1725-HC/HB-UD,,,,,Data Pending
Communication & Control,Comms,Ethernet,P129,,YES,,,,Boolean,3,NO,FIMER,PVS980-58BC 2500kVA,,,,,Data Pending
Communication & Control,Comms,Ethernet,P129,,YES,,,,Boolean,3,NO,Inovance,IES920-07-2500-C-D-EU,,,,,Data Pending
Communication & Control,Comms,Fiber Optic,P130,,YES,,,,Boolean,2,NO,Hopewind,Central PCS,,,,,Data Pending
Communication & Control,Comms,Fiber Optic,P130,,YES,,,,Boolean,2,NO,Hoymiles,HPCS2500-E-S,,,,,Data Pending
Communication & Control,Comms,Fiber Optic,P130,,YES,,,,Boolean,2,NO,Sineng,EH-1250/1725-HC/HB-UD,,,,,Data Pending
Communication & Control,Comms,Fiber Optic,P130,,YES,,,,Boolean,2,NO,FIMER,PVS980-58BC 2500kVA,,,,,Data Pending
Communication & Control,Comms,Fiber Optic,P130,,YES,,,,Boolean,2,NO,Inovance,IES920-07-2500-C-D-EU,,,,,Data Pending
Communication & Control,Comms,SCADA Interface,P131,,YES,,,,Boolean,4,NO,Hopewind,Central PCS,,,,,Data Pending
Communication & Control,Comms,SCADA Interface,P131,,YES,,,,Boolean,4,NO,Hoymiles,HPCS2500-E-S,,,,,Data Pending
Communication & Control,Comms,SCADA Interface,P131,,YES,,,,Boolean,4,NO,Sineng,EH-1250/1725-HC/HB-UD,,,,,Data Pending
Communication & Control,Comms,SCADA Interface,P131,,YES,,,,Boolean,4,NO,FIMER,PVS980-58BC 2500kVA,,,,,Data Pending
Communication & Control,Comms,SCADA Interface,P131,,YES,,,,Boolean,4,NO,Inovance,IES920-07-2500-C-D-EU,YES,,Datasheet,2026-08-01,
Communication & Control,Comms,EMS Interface,P132,,YES,,,,Boolean,4,YES,Hopewind,Central PCS,YES,,Datasheet,2026-08-01,
Communication & Control,Comms,EMS Interface,P132,,YES,,,,Boolean,4,YES,Hoymiles,HPCS2500-E-S,YES,,Datasheet,2026-08-01,
Communication & Control,Comms,EMS Interface,P132,,YES,,,,Boolean,4,YES,Sineng,EH-1250/1725-HC/HB-UD,,,,,Data Pending
Communication & Control,Comms,EMS Interface,P132,,YES,,,,Boolean,4,YES,FIMER,PVS980-58BC 2500kVA,,,,,Data Pending
Communication & Control,Comms,EMS Interface,P132,,YES,,,,Boolean,4,YES,Inovance,IES920-07-2500-C-D-EU,YES,,Datasheet,2026-08-01,
Communication & Control,Comms,BMS Interface,P133,,YES,,,,Boolean,5,YES,Hopewind,Central PCS,YES,,Datasheet,2026-08-01,
Communication & Control,Comms,BMS Interface,P133,,YES,,,,Boolean,5,YES,Hoymiles,HPCS2500-E-S,YES,,Datasheet,2026-08-01,
Communication & Control,Comms,BMS Interface,P133,,YES,,,,Boolean,5,YES,Sineng,EH-1250/1725-HC/HB-UD,YES,,Datasheet,2026-08-01,
Communication & Control,Comms,BMS Interface,P133,,YES,,,,Boolean,5,YES,FIMER,PVS980-58BC 2500kVA,,,,,Data Pending
Communication & Control,Comms,BMS Interface,P133,,YES,,,,Boolean,5,YES,Inovance,IES920-07-2500-C-D-EU,YES,,Datasheet,2026-08-01,
Communication & Control,Comms,Remote Monitoring,P134,,YES,,,,Boolean,3,NO,Hopewind,Central PCS,,,,,Data Pending
Communication & Control,Comms,Remote Monitoring,P134,,YES,,,,Boolean,3,NO,Hoymiles,HPCS2500-E-S,,,,,Data Pending
Communication & Control,Comms,Remote Monitoring,P134,,YES,,,,Boolean,3,NO,Sineng,EH-1250/1725-HC/HB-UD,,,,,Data Pending
Communication & Control,Comms,Remote Monitoring,P134,,YES,,,,Boolean,3,NO,FIMER,PVS980-58BC 2500kVA,,,,,Data Pending
Communication & Control,Comms,Remote Monitoring,P134,,YES,,,,Boolean,3,NO,Inovance,IES920-07-2500-C-D-EU,,,,,Data Pending
Communication & Control,Comms,Remote Firmware Update,P135,,YES,,,,Boolean,3,NO,Hopewind,Central PCS,YES,,Datasheet,2026-08-01,
Communication & Control,Comms,Remote Firmware Update,P135,,YES,,,,Boolean,3,NO,Hoymiles,HPCS2500-E-S,,,,,Data Pending
Communication & Control,Comms,Remote Firmware Update,P135,,YES,,,,Boolean,3,NO,Sineng,EH-1250/1725-HC/HB-UD,YES,,Datasheet,2026-08-01,
Communication & Control,Comms,Remote Firmware Update,P135,,YES,,,,Boolean,3,NO,FIMER,PVS980-58BC 2500kVA,YES,,Datasheet,2026-08-01,
Communication & Control,Comms,Remote Firmware Update,P135,,YES,,,,Boolean,3,NO,Inovance,IES920-07-2500-C-D-EU,,,,,Data Pending
Communication & Control,Comms,NTP,P136,,YES,,,,Boolean,1,NO,Hopewind,Central PCS,,,,,Data Pending
Communication & Control,Comms,NTP,P136,,YES,,,,Boolean,1,NO,Hoymiles,HPCS2500-E-S,,,,,Data Pending
Communication & Control,Comms,NTP,P136,,YES,,,,Boolean,1,NO,Sineng,EH-1250/1725-HC/HB-UD,,,,,Data Pending
Communication & Control,Comms,NTP,P136,,YES,,,,Boolean,1,NO,FIMER,PVS980-58BC 2500kVA,,,,,Data Pending
Communication & Control,Comms,NTP,P136,,YES,,,,Boolean,1,NO,Inovance,IES920-07-2500-C-D-EU,,,,,Data Pending
Communication & Control,Comms,PTP,P137,,YES,,,,Boolean,1,NO,Hopewind,Central PCS,,,,,Data Pending
Communication & Control,Comms,PTP,P137,,YES,,,,Boolean,1,NO,Hoymiles,HPCS2500-E-S,,,,,Data Pending
Communication & Control,Comms,PTP,P137,,YES,,,,Boolean,1,NO,Sineng,EH-1250/1725-HC/HB-UD,,,,,Data Pending
Communication & Control,Comms,PTP,P137,,YES,,,,Boolean,1,NO,FIMER,PVS980-58BC 2500kVA,,,,,Data Pending
Communication & Control,Comms,PTP,P137,,YES,,,,Boolean,1,NO,Inovance,IES920-07-2500-C-D-EU,,,,,Data Pending
Communication & Control,Comms,GPS Time Synchronization,P138,,YES,,,,Boolean,1,NO,Hopewind,Central PCS,,,,,Data Pending
Communication & Control,Comms,GPS Time Synchronization,P138,,YES,,,,Boolean,1,NO,Hoymiles,HPCS2500-E-S,,,,,Data Pending
Communication & Control,Comms,GPS Time Synchronization,P138,,YES,,,,Boolean,1,NO,Sineng,EH-1250/1725-HC/HB-UD,,,,,Data Pending
Communication & Control,Comms,GPS Time Synchronization,P138,,YES,,,,Boolean,1,NO,FIMER,PVS980-58BC 2500kVA,,,,,Data Pending
Communication & Control,Comms,GPS Time Synchronization,P138,,YES,,,,Boolean,1,NO,Inovance,IES920-07-2500-C-D-EU,,,,,Data Pending
Communication & Control,Comms,Cybersecurity Features,P139,,YES,,,,Boolean,3,NO,Hopewind,Central PCS,,,,,Data Pending
Communication & Control,Comms,Cybersecurity Features,P139,,YES,,,,Boolean,3,NO,Hoymiles,HPCS2500-E-S,,,,,Data Pending
Communication & Control,Comms,Cybersecurity Features,P139,,YES,,,,Boolean,3,NO,Sineng,EH-1250/1725-HC/HB-UD,,,,,Data Pending
Communication & Control,Comms,Cybersecurity Features,P139,,YES,,,,Boolean,3,NO,FIMER,PVS980-58BC 2500kVA,,,,,Data Pending
Communication & Control,Comms,Cybersecurity Features,P139,,YES,,,,Boolean,3,NO,Inovance,IES920-07-2500-C-D-EU,,,,,Data Pending
Communication & Control,Comms,CAN Protocol,P140,,,,,,Text,1,NO,Hopewind,Central PCS,,,,,Data Pending
Communication & Control,Comms,CAN Protocol,P140,,,,,,Text,1,NO,Hoymiles,HPCS2500-E-S,,,,,Data Pending
Communication & Control,Comms,CAN Protocol,P140,,,,,,Text,1,NO,Sineng,EH-1250/1725-HC/HB-UD,,,,,Data Pending
Communication & Control,Comms,CAN Protocol,P140,,,,,,Text,1,NO,FIMER,PVS980-58BC 2500kVA,,,,,Data Pending
Communication & Control,Comms,CAN Protocol,P140,,,,,,Text,1,NO,Inovance,IES920-07-2500-C-D-EU,,,,,Data Pending
Mechanical,Dim,Length,P141,mm,,,,,Lower_Better,1,NO,Hopewind,Central PCS,,,,,Data Pending
Mechanical,Dim,Length,P141,mm,,,,,Lower_Better,1,NO,Hoymiles,HPCS2500-E-S,,,,,Data Pending
Mechanical,Dim,Length,P141,mm,,,,,Lower_Better,1,NO,Sineng,EH-1250/1725-HC/HB-UD,,,,,Data Pending
Mechanical,Dim,Length,P141,mm,,,,,Lower_Better,1,NO,FIMER,PVS980-58BC 2500kVA,,,,,Data Pending
Mechanical,Dim,Length,P141,mm,,,,,Lower_Better,1,NO,Inovance,IES920-07-2500-C-D-EU,,,,,Data Pending
Mechanical,Dim,Width,P142,mm,,,,,Lower_Better,1,NO,Hopewind,Central PCS,,,,,Data Pending
Mechanical,Dim,Width,P142,mm,,,,,Lower_Better,1,NO,Hoymiles,HPCS2500-E-S,,,,,Data Pending
Mechanical,Dim,Width,P142,mm,,,,,Lower_Better,1,NO,Sineng,EH-1250/1725-HC/HB-UD,,,,,Data Pending
Mechanical,Dim,Width,P142,mm,,,,,Lower_Better,1,NO,FIMER,PVS980-58BC 2500kVA,,,,,Data Pending
Mechanical,Dim,Width,P142,mm,,,,,Lower_Better,1,NO,Inovance,IES920-07-2500-C-D-EU,,,,,Data Pending
Mechanical,Dim,Height,P143,mm,,,,,Lower_Better,1,NO,Hopewind,Central PCS,,,,,Data Pending
Mechanical,Dim,Height,P143,mm,,,,,Lower_Better,1,NO,Hoymiles,HPCS2500-E-S,,,,,Data Pending
Mechanical,Dim,Height,P143,mm,,,,,Lower_Better,1,NO,Sineng,EH-1250/1725-HC/HB-UD,,,,,Data Pending
Mechanical,Dim,Height,P143,mm,,,,,Lower_Better,1,NO,FIMER,PVS980-58BC 2500kVA,,,,,Data Pending
Mechanical,Dim,Height,P143,mm,,,,,Lower_Better,1,NO,Inovance,IES920-07-2500-C-D-EU,,,,,Data Pending
Mechanical,Dim,Weight,P144,kg,,,,,Lower_Better,2,NO,Hopewind,Central PCS,,,,,Data Pending
Mechanical,Dim,Weight,P144,kg,,,,,Lower_Better,2,NO,Hoymiles,HPCS2500-E-S,,,,,Data Pending
Mechanical,Dim,Weight,P144,kg,,,,,Lower_Better,2,NO,Sineng,EH-1250/1725-HC/HB-UD,,,,,Data Pending
Mechanical,Dim,Weight,P144,kg,,,,,Lower_Better,2,NO,FIMER,PVS980-58BC 2500kVA,,,,,Data Pending
Mechanical,Dim,Weight,P144,kg,,,,,Lower_Better,2,NO,Inovance,IES920-07-2500-C-D-EU,,,,,Data Pending
Mechanical,Dim,Footprint,P145,m²,,,,,Lower_Better,3,NO,Hopewind,Central PCS,,,,,Data Pending
Mechanical,Dim,Footprint,P145,m²,,,,,Lower_Better,3,NO,Hoymiles,HPCS2500-E-S,,,,,Data Pending
Mechanical,Dim,Footprint,P145,m²,,,,,Lower_Better,3,NO,Sineng,EH-1250/1725-HC/HB-UD,,,,,Data Pending
Mechanical,Dim,Footprint,P145,m²,,,,,Lower_Better,3,NO,FIMER,PVS980-58BC 2500kVA,,,,,Data Pending
Mechanical,Dim,Footprint,P145,m²,,,,,Lower_Better,3,NO,Inovance,IES920-07-2500-C-D-EU,,,,,Data Pending
Mechanical,Access,Mounting Method,P146,,,,,,Text,1,NO,Hopewind,Central PCS,,,,,Data Pending
Mechanical,Access,Mounting Method,P146,,,,,,Text,1,NO,Hoymiles,HPCS2500-E-S,,,,,Data Pending
Mechanical,Access,Mounting Method,P146,,,,,,Text,1,NO,Sineng,EH-1250/1725-HC/HB-UD,,,,,Data Pending
Mechanical,Access,Mounting Method,P146,,,,,,Text,1,NO,FIMER,PVS980-58BC 2500kVA,,,,,Data Pending
Mechanical,Access,Mounting Method,P146,,,,,,Text,1,NO,Inovance,IES920-07-2500-C-D-EU,,,,,Data Pending
Mechanical,Access,DC Cable Entry,P147,,,,,,Text,1,NO,Hopewind,Central PCS,,,,,Data Pending
Mechanical,Access,DC Cable Entry,P147,,,,,,Text,1,NO,Hoymiles,HPCS2500-E-S,,,,,Data Pending
Mechanical,Access,DC Cable Entry,P147,,,,,,Text,1,NO,Sineng,EH-1250/1725-HC/HB-UD,,,,,Data Pending
Mechanical,Access,DC Cable Entry,P147,,,,,,Text,1,NO,FIMER,PVS980-58BC 2500kVA,,,,,Data Pending
Mechanical,Access,DC Cable Entry,P147,,,,,,Text,1,NO,Inovance,IES920-07-2500-C-D-EU,,,,,Data Pending
Mechanical,Access,AC Cable Entry,P148,,,,,,Text,1,NO,Hopewind,Central PCS,,,,,Data Pending
Mechanical,Access,AC Cable Entry,P148,,,,,,Text,1,NO,Hoymiles,HPCS2500-E-S,,,,,Data Pending
Mechanical,Access,AC Cable Entry,P148,,,,,,Text,1,NO,Sineng,EH-1250/1725-HC/HB-UD,,,,,Data Pending
Mechanical,Access,AC Cable Entry,P148,,,,,,Text,1,NO,FIMER,PVS980-58BC 2500kVA,,,,,Data Pending
Mechanical,Access,AC Cable Entry,P148,,,,,,Text,1,NO,Inovance,IES920-07-2500-C-D-EU,,,,,Data Pending
Mechanical,Access,Top Cable Entry,P149,,,,,,Boolean,1,NO,Hopewind,Central PCS,,,,,Data Pending
Mechanical,Access,Top Cable Entry,P149,,,,,,Boolean,1,NO,Hoymiles,HPCS2500-E-S,,,,,Data Pending
Mechanical,Access,Top Cable Entry,P149,,,,,,Boolean,1,NO,Sineng,EH-1250/1725-HC/HB-UD,,,,,Data Pending
Mechanical,Access,Top Cable Entry,P149,,,,,,Boolean,1,NO,FIMER,PVS980-58BC 2500kVA,,,,,Data Pending
Mechanical,Access,Top Cable Entry,P149,,,,,,Boolean,1,NO,Inovance,IES920-07-2500-C-D-EU,,,,,Data Pending
Mechanical,Access,Bottom Cable Entry,P150,,,,,,Boolean,1,NO,Hopewind,Central PCS,,,,,Data Pending
Mechanical,Access,Bottom Cable Entry,P150,,,,,,Boolean,1,NO,Hoymiles,HPCS2500-E-S,,,,,Data Pending
Mechanical,Access,Bottom Cable Entry,P150,,,,,,Boolean,1,NO,Sineng,EH-1250/1725-HC/HB-UD,,,,,Data Pending
Mechanical,Access,Bottom Cable Entry,P150,,,,,,Boolean,1,NO,FIMER,PVS980-58BC 2500kVA,,,,,Data Pending
Mechanical,Access,Bottom Cable Entry,P150,,,,,,Boolean,1,NO,Inovance,IES920-07-2500-C-D-EU,,,,,Data Pending
Mechanical,Access,Front Access,P151,,YES,,,,Boolean,2,NO,Hopewind,Central PCS,,,,,Data Pending
Mechanical,Access,Front Access,P151,,YES,,,,Boolean,2,NO,Hoymiles,HPCS2500-E-S,,,,,Data Pending
Mechanical,Access,Front Access,P151,,YES,,,,Boolean,2,NO,Sineng,EH-1250/1725-HC/HB-UD,,,,,Data Pending
Mechanical,Access,Front Access,P151,,YES,,,,Boolean,2,NO,FIMER,PVS980-58BC 2500kVA,,,,,Data Pending
Mechanical,Access,Front Access,P151,,YES,,,,Boolean,2,NO,Inovance,IES920-07-2500-C-D-EU,,,,,Data Pending
Mechanical,Access,Rear Access,P152,,,,,,Boolean,1,NO,Hopewind,Central PCS,,,,,Data Pending
Mechanical,Access,Rear Access,P152,,,,,,Boolean,1,NO,Hoymiles,HPCS2500-E-S,,,,,Data Pending
Mechanical,Access,Rear Access,P152,,,,,,Boolean,1,NO,Sineng,EH-1250/1725-HC/HB-UD,,,,,Data Pending
Mechanical,Access,Rear Access,P152,,,,,,Boolean,1,NO,FIMER,PVS980-58BC 2500kVA,,,,,Data Pending
Mechanical,Access,Rear Access,P152,,,,,,Boolean,1,NO,Inovance,IES920-07-2500-C-D-EU,,,,,Data Pending
Mechanical,Access,Side Access,P153,,,,,,Boolean,1,NO,Hopewind,Central PCS,,,,,Data Pending
Mechanical,Access,Side Access,P153,,,,,,Boolean,1,NO,Hoymiles,HPCS2500-E-S,,,,,Data Pending
Mechanical,Access,Side Access,P153,,,,,,Boolean,1,NO,Sineng,EH-1250/1725-HC/HB-UD,,,,,Data Pending
Mechanical,Access,Side Access,P153,,,,,,Boolean,1,NO,FIMER,PVS980-58BC 2500kVA,,,,,Data Pending
Mechanical,Access,Side Access,P153,,,,,,Boolean,1,NO,Inovance,IES920-07-2500-C-D-EU,,,,,Data Pending
Mechanical,Access,Maintenance Clearance,P154,mm,,,,,Lower_Better,1,NO,Hopewind,Central PCS,,,,,Data Pending
Mechanical,Access,Maintenance Clearance,P154,mm,,,,,Lower_Better,1,NO,Hoymiles,HPCS2500-E-S,,,,,Data Pending
Mechanical,Access,Maintenance Clearance,P154,mm,,,,,Lower_Better,1,NO,Sineng,EH-1250/1725-HC/HB-UD,,,,,Data Pending
Mechanical,Access,Maintenance Clearance,P154,mm,,,,,Lower_Better,1,NO,FIMER,PVS980-58BC 2500kVA,,,,,Data Pending
Mechanical,Access,Maintenance Clearance,P154,mm,,,,,Lower_Better,1,NO,Inovance,IES920-07-2500-C-D-EU,,,,,Data Pending
Mechanical,Calc,Footprint per MW,P155,m²/MW,,,,,Lower_Better,3,NO,Hopewind,Central PCS,,,,,Data Pending
Mechanical,Calc,Footprint per MW,P155,m²/MW,,,,,Lower_Better,3,NO,Hoymiles,HPCS2500-E-S,,,,,Data Pending
Mechanical,Calc,Footprint per MW,P155,m²/MW,,,,,Lower_Better,3,NO,Sineng,EH-1250/1725-HC/HB-UD,,,,,Data Pending
Mechanical,Calc,Footprint per MW,P155,m²/MW,,,,,Lower_Better,3,NO,FIMER,PVS980-58BC 2500kVA,,,,,Data Pending
Mechanical,Calc,Footprint per MW,P155,m²/MW,,,,,Lower_Better,3,NO,Inovance,IES920-07-2500-C-D-EU,,,,,Data Pending
Mechanical,Calc,Weight per MW,P156,kg/MW,,,,,Lower_Better,2,NO,Hopewind,Central PCS,,,,,Data Pending
Mechanical,Calc,Weight per MW,P156,kg/MW,,,,,Lower_Better,2,NO,Hoymiles,HPCS2500-E-S,,,,,Data Pending
Mechanical,Calc,Weight per MW,P156,kg/MW,,,,,Lower_Better,2,NO,Sineng,EH-1250/1725-HC/HB-UD,,,,,Data Pending
Mechanical,Calc,Weight per MW,P156,kg/MW,,,,,Lower_Better,2,NO,FIMER,PVS980-58BC 2500kVA,,,,,Data Pending
Mechanical,Calc,Weight per MW,P156,kg/MW,,,,,Lower_Better,2,NO,Inovance,IES920-07-2500-C-D-EU,,,,,Data Pending
Reliability & Lifecycle,Life,Design Life,P157,years,≥ 20,20,,,Higher_Better,3,NO,Hopewind,Central PCS,20,,Datasheet,2026-08-01,
Reliability & Lifecycle,Life,Design Life,P157,years,≥ 20,20,,,Higher_Better,3,NO,Hoymiles,HPCS2500-E-S,,,,,Data Pending
Reliability & Lifecycle,Life,Design Life,P157,years,≥ 20,20,,,Higher_Better,3,NO,Sineng,EH-1250/1725-HC/HB-UD,25,,Datasheet,2026-08-01,
Reliability & Lifecycle,Life,Design Life,P157,years,≥ 20,20,,,Higher_Better,3,NO,FIMER,PVS980-58BC 2500kVA,25,,Datasheet,2026-08-01,
Reliability & Lifecycle,Life,Design Life,P157,years,≥ 20,20,,,Higher_Better,3,NO,Inovance,IES920-07-2500-C-D-EU,,,,,Data Pending
Reliability & Lifecycle,Life,Expected Service Life,P158,years,≥ 20,20,,,Higher_Better,3,NO,Hopewind,Central PCS,20,,Datasheet,2026-08-01,
Reliability & Lifecycle,Life,Expected Service Life,P158,years,≥ 20,20,,,Higher_Better,3,NO,Hoymiles,HPCS2500-E-S,,,,,Data Pending
Reliability & Lifecycle,Life,Expected Service Life,P158,years,≥ 20,20,,,Higher_Better,3,NO,Sineng,EH-1250/1725-HC/HB-UD,25,,Datasheet,2026-08-01,
Reliability & Lifecycle,Life,Expected Service Life,P158,years,≥ 20,20,,,Higher_Better,3,NO,FIMER,PVS980-58BC 2500kVA,25,,Datasheet,2026-08-01,
Reliability & Lifecycle,Life,Expected Service Life,P158,years,≥ 20,20,,,Higher_Better,3,NO,Inovance,IES920-07-2500-C-D-EU,,,,,Data Pending
Reliability & Lifecycle,Life,MTBF,P159,hours,,,,,Higher_Better,3,NO,Hopewind,Central PCS,,,,,Data Pending
Reliability & Lifecycle,Life,MTBF,P159,hours,,,,,Higher_Better,3,NO,Hoymiles,HPCS2500-E-S,,,,,Data Pending
Reliability & Lifecycle,Life,MTBF,P159,hours,,,,,Higher_Better,3,NO,Sineng,EH-1250/1725-HC/HB-UD,,,,,Data Pending
Reliability & Lifecycle,Life,MTBF,P159,hours,,,,,Higher_Better,3,NO,FIMER,PVS980-58BC 2500kVA,,,,,Data Pending
Reliability & Lifecycle,Life,MTBF,P159,hours,,,,,Higher_Better,3,NO,Inovance,IES920-07-2500-C-D-EU,,,,,Data Pending
Reliability & Lifecycle,Warranty,Warranty,P160,years,≥ 5,5,,5,Higher_Better,4,NO,Hopewind,Central PCS,5,,Datasheet,2026-08-01,
Reliability & Lifecycle,Warranty,Warranty,P160,years,≥ 5,5,,5,Higher_Better,4,NO,Hoymiles,HPCS2500-E-S,,,,,Data Pending
Reliability & Lifecycle,Warranty,Warranty,P160,years,≥ 5,5,,5,Higher_Better,4,NO,Sineng,EH-1250/1725-HC/HB-UD,5,,Datasheet,2026-08-01,
Reliability & Lifecycle,Warranty,Warranty,P160,years,≥ 5,5,,5,Higher_Better,4,NO,FIMER,PVS980-58BC 2500kVA,,,,,Data Pending
Reliability & Lifecycle,Warranty,Warranty,P160,years,≥ 5,5,,5,Higher_Better,4,NO,Inovance,IES920-07-2500-C-D-EU,,,,,Data Pending
Reliability & Lifecycle,Maint,Preventive Maintenance Interval,P161,months,,,,,Higher_Better,2,NO,Hopewind,Central PCS,,,,,Data Pending
Reliability & Lifecycle,Maint,Preventive Maintenance Interval,P161,months,,,,,Higher_Better,2,NO,Hoymiles,HPCS2500-E-S,,,,,Data Pending
Reliability & Lifecycle,Maint,Preventive Maintenance Interval,P161,months,,,,,Higher_Better,2,NO,Sineng,EH-1250/1725-HC/HB-UD,,,,,Data Pending
Reliability & Lifecycle,Maint,Preventive Maintenance Interval,P161,months,,,,,Higher_Better,2,NO,FIMER,PVS980-58BC 2500kVA,,,,,Data Pending
Reliability & Lifecycle,Maint,Preventive Maintenance Interval,P161,months,,,,,Higher_Better,2,NO,Inovance,IES920-07-2500-C-D-EU,,,,,Data Pending
Reliability & Lifecycle,Maint,Fan Life,P162,hours,,,,,Higher_Better,1,NO,Hopewind,Central PCS,,,,,Data Pending
Reliability & Lifecycle,Maint,Fan Life,P162,hours,,,,,Higher_Better,1,NO,Hoymiles,HPCS2500-E-S,,,,,Data Pending
Reliability & Lifecycle,Maint,Fan Life,P162,hours,,,,,Higher_Better,1,NO,Sineng,EH-1250/1725-HC/HB-UD,,,,,Data Pending
Reliability & Lifecycle,Maint,Fan Life,P162,hours,,,,,Higher_Better,1,NO,FIMER,PVS980-58BC 2500kVA,,,,,Data Pending
Reliability & Lifecycle,Maint,Fan Life,P162,hours,,,,,Higher_Better,1,NO,Inovance,IES920-07-2500-C-D-EU,,,,,Data Pending
Reliability & Lifecycle,Maint,Capacitor Life,P163,hours,,,,,Higher_Better,1,NO,Hopewind,Central PCS,,,,,Data Pending
Reliability & Lifecycle,Maint,Capacitor Life,P163,hours,,,,,Higher_Better,1,NO,Hoymiles,HPCS2500-E-S,,,,,Data Pending
Reliability & Lifecycle,Maint,Capacitor Life,P163,hours,,,,,Higher_Better,1,NO,Sineng,EH-1250/1725-HC/HB-UD,,,,,Data Pending
Reliability & Lifecycle,Maint,Capacitor Life,P163,hours,,,,,Higher_Better,1,NO,FIMER,PVS980-58BC 2500kVA,,,,,Data Pending
Reliability & Lifecycle,Maint,Capacitor Life,P163,hours,,,,,Higher_Better,1,NO,Inovance,IES920-07-2500-C-D-EU,,,,,Data Pending
Reliability & Lifecycle,Maint,Cooling System Life,P164,years,,,,,Higher_Better,1,NO,Hopewind,Central PCS,,,,,Data Pending
Reliability & Lifecycle,Maint,Cooling System Life,P164,years,,,,,Higher_Better,1,NO,Hoymiles,HPCS2500-E-S,,,,,Data Pending
Reliability & Lifecycle,Maint,Cooling System Life,P164,years,,,,,Higher_Better,1,NO,Sineng,EH-1250/1725-HC/HB-UD,,,,,Data Pending
Reliability & Lifecycle,Maint,Cooling System Life,P164,years,,,,,Higher_Better,1,NO,FIMER,PVS980-58BC 2500kVA,,,,,Data Pending
Reliability & Lifecycle,Maint,Cooling System Life,P164,years,,,,,Higher_Better,1,NO,Inovance,IES920-07-2500-C-D-EU,,,,,Data Pending
Reliability & Lifecycle,Maint,Filter Replacement Interval,P165,months,,,,,Higher_Better,1,NO,Hopewind,Central PCS,,,,,Data Pending
Reliability & Lifecycle,Maint,Filter Replacement Interval,P165,months,,,,,Higher_Better,1,NO,Hoymiles,HPCS2500-E-S,,,,,Data Pending
Reliability & Lifecycle,Maint,Filter Replacement Interval,P165,months,,,,,Higher_Better,1,NO,Sineng,EH-1250/1725-HC/HB-UD,,,,,Data Pending
Reliability & Lifecycle,Maint,Filter Replacement Interval,P165,months,,,,,Higher_Better,1,NO,FIMER,PVS980-58BC 2500kVA,,,,,Data Pending
Reliability & Lifecycle,Maint,Filter Replacement Interval,P165,months,,,,,Higher_Better,1,NO,Inovance,IES920-07-2500-C-D-EU,,,,,Data Pending
Reliability & Lifecycle,Maint,Major Component Replacement,P166,years,,,,,Higher_Better,1,NO,Hopewind,Central PCS,,,,,Data Pending
Reliability & Lifecycle,Maint,Major Component Replacement,P166,years,,,,,Higher_Better,1,NO,Hoymiles,HPCS2500-E-S,,,,,Data Pending
Reliability & Lifecycle,Maint,Major Component Replacement,P166,years,,,,,Higher_Better,1,NO,Sineng,EH-1250/1725-HC/HB-UD,,,,,Data Pending
Reliability & Lifecycle,Maint,Major Component Replacement,P166,years,,,,,Higher_Better,1,NO,FIMER,PVS980-58BC 2500kVA,,,,,Data Pending
Reliability & Lifecycle,Maint,Major Component Replacement,P166,years,,,,,Higher_Better,1,NO,Inovance,IES920-07-2500-C-D-EU,,,,,Data Pending
Reliability & Lifecycle,Service,Spare Parts Availability,P167,,,,,,Text,3,NO,Hopewind,Central PCS,,,,,Data Pending
Reliability & Lifecycle,Service,Spare Parts Availability,P167,,,,,,Text,3,NO,Hoymiles,HPCS2500-E-S,,,,,Data Pending
Reliability & Lifecycle,Service,Spare Parts Availability,P167,,,,,,Text,3,NO,Sineng,EH-1250/1725-HC/HB-UD,,,,,Data Pending
Reliability & Lifecycle,Service,Spare Parts Availability,P167,,,,,,Text,3,NO,FIMER,PVS980-58BC 2500kVA,,,,,Data Pending
Reliability & Lifecycle,Service,Spare Parts Availability,P167,,,,,,Text,3,NO,Inovance,IES920-07-2500-C-D-EU,,,,,Data Pending
Reliability & Lifecycle,Service,Local Service Support,P168,,YES,,,,Boolean,4,NO,Hopewind,Central PCS,,,,,Data Pending
Reliability & Lifecycle,Service,Local Service Support,P168,,YES,,,,Boolean,4,NO,Hoymiles,HPCS2500-E-S,,,,,Data Pending
Reliability & Lifecycle,Service,Local Service Support,P168,,YES,,,,Boolean,4,NO,Sineng,EH-1250/1725-HC/HB-UD,,,,,Data Pending
Reliability & Lifecycle,Service,Local Service Support,P168,,YES,,,,Boolean,4,NO,FIMER,PVS980-58BC 2500kVA,,,,,Data Pending
Reliability & Lifecycle,Service,Local Service Support,P168,,YES,,,,Boolean,4,NO,Inovance,IES920-07-2500-C-D-EU,,,,,Data Pending
Reliability & Lifecycle,Service,Local Service Engineer,P169,,YES,,,,Boolean,3,NO,Hopewind,Central PCS,,,,,Data Pending
Reliability & Lifecycle,Service,Local Service Engineer,P169,,YES,,,,Boolean,3,NO,Hoymiles,HPCS2500-E-S,,,,,Data Pending
Reliability & Lifecycle,Service,Local Service Engineer,P169,,YES,,,,Boolean,3,NO,Sineng,EH-1250/1725-HC/HB-UD,,,,,Data Pending
Reliability & Lifecycle,Service,Local Service Engineer,P169,,YES,,,,Boolean,3,NO,FIMER,PVS980-58BC 2500kVA,,,,,Data Pending
Reliability & Lifecycle,Service,Local Service Engineer,P169,,YES,,,,Boolean,3,NO,Inovance,IES920-07-2500-C-D-EU,,,,,Data Pending
Reliability & Lifecycle,Service,India Stock Availability,P170,,YES,,,,Boolean,3,NO,Hopewind,Central PCS,,,,,Data Pending
Reliability & Lifecycle,Service,India Stock Availability,P170,,YES,,,,Boolean,3,NO,Hoymiles,HPCS2500-E-S,,,,,Data Pending
Reliability & Lifecycle,Service,India Stock Availability,P170,,YES,,,,Boolean,3,NO,Sineng,EH-1250/1725-HC/HB-UD,,,,,Data Pending
Reliability & Lifecycle,Service,India Stock Availability,P170,,YES,,,,Boolean,3,NO,FIMER,PVS980-58BC 2500kVA,,,,,Data Pending
Reliability & Lifecycle,Service,India Stock Availability,P170,,YES,,,,Boolean,3,NO,Inovance,IES920-07-2500-C-D-EU,,,,,Data Pending
Certification & Compliance,Cert,IEC 62477-1,P171,,YES,,,,Boolean,5,YES,Hopewind,Central PCS,,,,,Data Pending
Certification & Compliance,Cert,IEC 62477-1,P171,,YES,,,,Boolean,5,YES,Hoymiles,HPCS2500-E-S,YES,,Datasheet,2026-08-01,
Certification & Compliance,Cert,IEC 62477-1,P171,,YES,,,,Boolean,5,YES,Sineng,EH-1250/1725-HC/HB-UD,YES,,Datasheet,2026-08-01,
Certification & Compliance,Cert,IEC 62477-1,P171,,YES,,,,Boolean,5,YES,FIMER,PVS980-58BC 2500kVA,,,,,Data Pending
Certification & Compliance,Cert,IEC 62477-1,P171,,YES,,,,Boolean,5,YES,Inovance,IES920-07-2500-C-D-EU,,,,,Data Pending
Certification & Compliance,Cert,IEC 61000 Series,P172,,YES,,,,Boolean,3,NO,Hopewind,Central PCS,,,,,Data Pending
Certification & Compliance,Cert,IEC 61000 Series,P172,,YES,,,,Boolean,3,NO,Hoymiles,HPCS2500-E-S,,,,,Data Pending
Certification & Compliance,Cert,IEC 61000 Series,P172,,YES,,,,Boolean,3,NO,Sineng,EH-1250/1725-HC/HB-UD,,,,,Data Pending
Certification & Compliance,Cert,IEC 61000 Series,P172,,YES,,,,Boolean,3,NO,FIMER,PVS980-58BC 2500kVA,,,,,Data Pending
Certification & Compliance,Cert,IEC 61000 Series,P172,,YES,,,,Boolean,3,NO,Inovance,IES920-07-2500-C-D-EU,,,,,Data Pending
Certification & Compliance,Cert,IEC 62109,P173,,YES,,,,Boolean,3,NO,Hopewind,Central PCS,,,,,Data Pending
Certification & Compliance,Cert,IEC 62109,P173,,YES,,,,Boolean,3,NO,Hoymiles,HPCS2500-E-S,,,,,Data Pending
Certification & Compliance,Cert,IEC 62109,P173,,YES,,,,Boolean,3,NO,Sineng,EH-1250/1725-HC/HB-UD,,,,,Data Pending
Certification & Compliance,Cert,IEC 62109,P173,,YES,,,,Boolean,3,NO,FIMER,PVS980-58BC 2500kVA,,,,,Data Pending
Certification & Compliance,Cert,IEC 62109,P173,,YES,,,,Boolean,3,NO,Inovance,IES920-07-2500-C-D-EU,,,,,Data Pending
Certification & Compliance,Cert,IEC 62933,P174,,YES,,,,Boolean,3,NO,Hopewind,Central PCS,,,,,Data Pending
Certification & Compliance,Cert,IEC 62933,P174,,YES,,,,Boolean,3,NO,Hoymiles,HPCS2500-E-S,,,,,Data Pending
Certification & Compliance,Cert,IEC 62933,P174,,YES,,,,Boolean,3,NO,Sineng,EH-1250/1725-HC/HB-UD,,,,,Data Pending
Certification & Compliance,Cert,IEC 62933,P174,,YES,,,,Boolean,3,NO,FIMER,PVS980-58BC 2500kVA,,,,,Data Pending
Certification & Compliance,Cert,IEC 62933,P174,,YES,,,,Boolean,3,NO,Inovance,IES920-07-2500-C-D-EU,,,,,Data Pending
Certification & Compliance,Cert,UL 1741,P175,,YES,,,,Boolean,2,NO,Hopewind,Central PCS,,,,,Data Pending
Certification & Compliance,Cert,UL 1741,P175,,YES,,,,Boolean,2,NO,Hoymiles,HPCS2500-E-S,,,,,Data Pending
Certification & Compliance,Cert,UL 1741,P175,,YES,,,,Boolean,2,NO,Sineng,EH-1250/1725-HC/HB-UD,,,,,Data Pending
Certification & Compliance,Cert,UL 1741,P175,,YES,,,,Boolean,2,NO,FIMER,PVS980-58BC 2500kVA,,,,,Data Pending
Certification & Compliance,Cert,UL 1741,P175,,YES,,,,Boolean,2,NO,Inovance,IES920-07-2500-C-D-EU,,,,,Data Pending
Certification & Compliance,Cert,UL 1741 SA,P176,,YES,,,,Boolean,2,NO,Hopewind,Central PCS,,,,,Data Pending
Certification & Compliance,Cert,UL 1741 SA,P176,,YES,,,,Boolean,2,NO,Hoymiles,HPCS2500-E-S,,,,,Data Pending
Certification & Compliance,Cert,UL 1741 SA,P176,,YES,,,,Boolean,2,NO,Sineng,EH-1250/1725-HC/HB-UD,,,,,Data Pending
Certification & Compliance,Cert,UL 1741 SA,P176,,YES,,,,Boolean,2,NO,FIMER,PVS980-58BC 2500kVA,,,,,Data Pending
Certification & Compliance,Cert,UL 1741 SA,P176,,YES,,,,Boolean,2,NO,Inovance,IES920-07-2500-C-D-EU,,,,,Data Pending
Certification & Compliance,Cert,UL 1741 SB,P177,,YES,,,,Boolean,2,NO,Hopewind,Central PCS,,,,,Data Pending
Certification & Compliance,Cert,UL 1741 SB,P177,,YES,,,,Boolean,2,NO,Hoymiles,HPCS2500-E-S,,,,,Data Pending
Certification & Compliance,Cert,UL 1741 SB,P177,,YES,,,,Boolean,2,NO,Sineng,EH-1250/1725-HC/HB-UD,,,,,Data Pending
Certification & Compliance,Cert,UL 1741 SB,P177,,YES,,,,Boolean,2,NO,FIMER,PVS980-58BC 2500kVA,,,,,Data Pending
Certification & Compliance,Cert,UL 1741 SB,P177,,YES,,,,Boolean,2,NO,Inovance,IES920-07-2500-C-D-EU,,,,,Data Pending
Certification & Compliance,Cert,UL 9540,P178,,YES,,,,Boolean,2,NO,Hopewind,Central PCS,,,,,Data Pending
Certification & Compliance,Cert,UL 9540,P178,,YES,,,,Boolean,2,NO,Hoymiles,HPCS2500-E-S,,,,,Data Pending
Certification & Compliance,Cert,UL 9540,P178,,YES,,,,Boolean,2,NO,Sineng,EH-1250/1725-HC/HB-UD,,,,,Data Pending
Certification & Compliance,Cert,UL 9540,P178,,YES,,,,Boolean,2,NO,FIMER,PVS980-58BC 2500kVA,,,,,Data Pending
Certification & Compliance,Cert,UL 9540,P178,,YES,,,,Boolean,2,NO,Inovance,IES920-07-2500-C-D-EU,,,,,Data Pending
Certification & Compliance,Cert,IEEE 1547,P179,,YES,,,,Boolean,3,NO,Hopewind,Central PCS,,,,,Data Pending
Certification & Compliance,Cert,IEEE 1547,P179,,YES,,,,Boolean,3,NO,Hoymiles,HPCS2500-E-S,,,,,Data Pending
Certification & Compliance,Cert,IEEE 1547,P179,,YES,,,,Boolean,3,NO,Sineng,EH-1250/1725-HC/HB-UD,,,,,Data Pending
Certification & Compliance,Cert,IEEE 1547,P179,,YES,,,,Boolean,3,NO,FIMER,PVS980-58BC 2500kVA,,,,,Data Pending
Certification & Compliance,Cert,IEEE 1547,P179,,YES,,,,Boolean,3,NO,Inovance,IES920-07-2500-C-D-EU,,,,,Data Pending
Certification & Compliance,Cert,IEEE 519,P180,,YES,,,,Boolean,3,NO,Hopewind,Central PCS,,,,,Data Pending
Certification & Compliance,Cert,IEEE 519,P180,,YES,,,,Boolean,3,NO,Hoymiles,HPCS2500-E-S,,,,,Data Pending
Certification & Compliance,Cert,IEEE 519,P180,,YES,,,,Boolean,3,NO,Sineng,EH-1250/1725-HC/HB-UD,,,,,Data Pending
Certification & Compliance,Cert,IEEE 519,P180,,YES,,,,Boolean,3,NO,FIMER,PVS980-58BC 2500kVA,,,,,Data Pending
Certification & Compliance,Cert,IEEE 519,P180,,YES,,,,Boolean,3,NO,Inovance,IES920-07-2500-C-D-EU,,,,,Data Pending
Certification & Compliance,Cert,CE,P181,,YES,,,,Boolean,3,NO,Hopewind,Central PCS,,,,,Data Pending
Certification & Compliance,Cert,CE,P181,,YES,,,,Boolean,3,NO,Hoymiles,HPCS2500-E-S,,,,,Data Pending
Certification & Compliance,Cert,CE,P181,,YES,,,,Boolean,3,NO,Sineng,EH-1250/1725-HC/HB-UD,,,,,Data Pending
Certification & Compliance,Cert,CE,P181,,YES,,,,Boolean,3,NO,FIMER,PVS980-58BC 2500kVA,,,,,Data Pending
Certification & Compliance,Cert,CE,P181,,YES,,,,Boolean,3,NO,Inovance,IES920-07-2500-C-D-EU,,,,,Data Pending
Certification & Compliance,Cert,EMC,P182,,YES,,,,Boolean,3,NO,Hopewind,Central PCS,,,,,Data Pending
Certification & Compliance,Cert,EMC,P182,,YES,,,,Boolean,3,NO,Hoymiles,HPCS2500-E-S,,,,,Data Pending
Certification & Compliance,Cert,EMC,P182,,YES,,,,Boolean,3,NO,Sineng,EH-1250/1725-HC/HB-UD,,,,,Data Pending
Certification & Compliance,Cert,EMC,P182,,YES,,,,Boolean,3,NO,FIMER,PVS980-58BC 2500kVA,,,,,Data Pending
Certification & Compliance,Cert,EMC,P182,,YES,,,,Boolean,3,NO,Inovance,IES920-07-2500-C-D-EU,,,,,Data Pending
Certification & Compliance,Cert,Grid Code Compliance,P183,,YES,,,,Boolean,5,YES,Hopewind,Central PCS,,,,,Data Pending
Certification & Compliance,Cert,Grid Code Compliance,P183,,YES,,,,Boolean,5,YES,Hoymiles,HPCS2500-E-S,YES,,Datasheet,2026-08-01,
Certification & Compliance,Cert,Grid Code Compliance,P183,,YES,,,,Boolean,5,YES,Sineng,EH-1250/1725-HC/HB-UD,YES,,Datasheet,2026-08-01,
Certification & Compliance,Cert,Grid Code Compliance,P183,,YES,,,,Boolean,5,YES,FIMER,PVS980-58BC 2500kVA,,,,,Data Pending
Certification & Compliance,Cert,Grid Code Compliance,P183,,YES,,,,Boolean,5,YES,Inovance,IES920-07-2500-C-D-EU,,,,,Data Pending
Certification & Compliance,Cert,BIS,P184,,YES,,,,Boolean,3,NO,Hopewind,Central PCS,,,,,Data Pending
Certification & Compliance,Cert,BIS,P184,,YES,,,,Boolean,3,NO,Hoymiles,HPCS2500-E-S,,,,,Data Pending
Certification & Compliance,Cert,BIS,P184,,YES,,,,Boolean,3,NO,Sineng,EH-1250/1725-HC/HB-UD,,,,,Data Pending
Certification & Compliance,Cert,BIS,P184,,YES,,,,Boolean,3,NO,FIMER,PVS980-58BC 2500kVA,,,,,Data Pending
Certification & Compliance,Cert,BIS,P184,,YES,,,,Boolean,3,NO,Inovance,IES920-07-2500-C-D-EU,,,,,Data Pending
Certification & Compliance,Cert,Applicable Indian Standards,P185,,CEA 2022,,,,Text,3,NO,Hopewind,Central PCS,,,,,Data Pending
Certification & Compliance,Cert,Applicable Indian Standards,P185,,CEA 2022,,,,Text,3,NO,Hoymiles,HPCS2500-E-S,,,,,Data Pending
Certification & Compliance,Cert,Applicable Indian Standards,P185,,CEA 2022,,,,Text,3,NO,Sineng,EH-1250/1725-HC/HB-UD,,,,,Data Pending
Certification & Compliance,Cert,Applicable Indian Standards,P185,,CEA 2022,,,,Text,3,NO,FIMER,PVS980-58BC 2500kVA,,,,,Data Pending
Certification & Compliance,Cert,Applicable Indian Standards,P185,,CEA 2022,,,,Text,3,NO,Inovance,IES920-07-2500-C-D-EU,,,,,Data Pending
Certification & Compliance,Cert,Certificate Number,P186,,,,,,Text,1,NO,Hopewind,Central PCS,,,,,Data Pending
Certification & Compliance,Cert,Certificate Number,P186,,,,,,Text,1,NO,Hoymiles,HPCS2500-E-S,,,,,Data Pending
Certification & Compliance,Cert,Certificate Number,P186,,,,,,Text,1,NO,Sineng,EH-1250/1725-HC/HB-UD,,,,,Data Pending
Certification & Compliance,Cert,Certificate Number,P186,,,,,,Text,1,NO,FIMER,PVS980-58BC 2500kVA,,,,,Data Pending
Certification & Compliance,Cert,Certificate Number,P186,,,,,,Text,1,NO,Inovance,IES920-07-2500-C-D-EU,,,,,Data Pending
Certification & Compliance,Cert,Certificate Scope,P187,,,,,,Text,1,NO,Hopewind,Central PCS,,,,,Data Pending
Certification & Compliance,Cert,Certificate Scope,P187,,,,,,Text,1,NO,Hoymiles,HPCS2500-E-S,,,,,Data Pending
Certification & Compliance,Cert,Certificate Scope,P187,,,,,,Text,1,NO,Sineng,EH-1250/1725-HC/HB-UD,,,,,Data Pending
Certification & Compliance,Cert,Certificate Scope,P187,,,,,,Text,1,NO,FIMER,PVS980-58BC 2500kVA,,,,,Data Pending
Certification & Compliance,Cert,Certificate Scope,P187,,,,,,Text,1,NO,Inovance,IES920-07-2500-C-D-EU,,,,,Data Pending
Certification & Compliance,Cert,Certificate Expiry Date,P188,,,,,,Text,1,NO,Hopewind,Central PCS,,,,,Data Pending
Certification & Compliance,Cert,Certificate Expiry Date,P188,,,,,,Text,1,NO,Hoymiles,HPCS2500-E-S,,,,,Data Pending
Certification & Compliance,Cert,Certificate Expiry Date,P188,,,,,,Text,1,NO,Sineng,EH-1250/1725-HC/HB-UD,,,,,Data Pending
Certification & Compliance,Cert,Certificate Expiry Date,P188,,,,,,Text,1,NO,FIMER,PVS980-58BC 2500kVA,,,,,Data Pending
Certification & Compliance,Cert,Certificate Expiry Date,P188,,,,,,Text,1,NO,Inovance,IES920-07-2500-C-D-EU,,,,,Data Pending
BESS Integration,BESS,BMS Compatibility,P189,,YES,,,,Boolean,5,YES,Hopewind,Central PCS,,,,,Data Pending
BESS Integration,BESS,BMS Compatibility,P189,,YES,,,,Boolean,5,YES,Hoymiles,HPCS2500-E-S,,,,,Data Pending
BESS Integration,BESS,BMS Compatibility,P189,,YES,,,,Boolean,5,YES,Sineng,EH-1250/1725-HC/HB-UD,,,,,Data Pending
BESS Integration,BESS,BMS Compatibility,P189,,YES,,,,Boolean,5,YES,FIMER,PVS980-58BC 2500kVA,,,,,Data Pending
BESS Integration,BESS,BMS Compatibility,P189,,YES,,,,Boolean,5,YES,Inovance,IES920-07-2500-C-D-EU,,,,,Data Pending
BESS Integration,BESS,EMS Compatibility,P190,,YES,,,,Boolean,5,YES,Hopewind,Central PCS,,,,,Data Pending
BESS Integration,BESS,EMS Compatibility,P190,,YES,,,,Boolean,5,YES,Hoymiles,HPCS2500-E-S,,,,,Data Pending
BESS Integration,BESS,EMS Compatibility,P190,,YES,,,,Boolean,5,YES,Sineng,EH-1250/1725-HC/HB-UD,,,,,Data Pending
BESS Integration,BESS,EMS Compatibility,P190,,YES,,,,Boolean,5,YES,FIMER,PVS980-58BC 2500kVA,,,,,Data Pending
BESS Integration,BESS,EMS Compatibility,P190,,YES,,,,Boolean,5,YES,Inovance,IES920-07-2500-C-D-EU,,,,,Data Pending
BESS Integration,BESS,Battery Voltage Compatibility,P191,,,,,,Text,4,YES,Hopewind,Central PCS,,,,,Data Pending
BESS Integration,BESS,Battery Voltage Compatibility,P191,,,,,,Text,4,YES,Hoymiles,HPCS2500-E-S,,,,,Data Pending
BESS Integration,BESS,Battery Voltage Compatibility,P191,,,,,,Text,4,YES,Sineng,EH-1250/1725-HC/HB-UD,,,,,Data Pending
BESS Integration,BESS,Battery Voltage Compatibility,P191,,,,,,Text,4,YES,FIMER,PVS980-58BC 2500kVA,,,,,Data Pending
BESS Integration,BESS,Battery Voltage Compatibility,P191,,,,,,Text,4,YES,Inovance,IES920-07-2500-C-D-EU,,,,,Data Pending
BESS Integration,BESS,Battery Current Compatibility,P192,,,,,,Text,3,NO,Hopewind,Central PCS,,,,,Data Pending
BESS Integration,BESS,Battery Current Compatibility,P192,,,,,,Text,3,NO,Hoymiles,HPCS2500-E-S,,,,,Data Pending
BESS Integration,BESS,Battery Current Compatibility,P192,,,,,,Text,3,NO,Sineng,EH-1250/1725-HC/HB-UD,,,,,Data Pending
BESS Integration,BESS,Battery Current Compatibility,P192,,,,,,Text,3,NO,FIMER,PVS980-58BC 2500kVA,,,,,Data Pending
BESS Integration,BESS,Battery Current Compatibility,P192,,,,,,Text,3,NO,Inovance,IES920-07-2500-C-D-EU,,,,,Data Pending
BESS Integration,BESS,SOC Communication,P193,,YES,,,,Boolean,3,NO,Hopewind,Central PCS,,,,,Data Pending
BESS Integration,BESS,SOC Communication,P193,,YES,,,,Boolean,3,NO,Hoymiles,HPCS2500-E-S,,,,,Data Pending
BESS Integration,BESS,SOC Communication,P193,,YES,,,,Boolean,3,NO,Sineng,EH-1250/1725-HC/HB-UD,,,,,Data Pending
BESS Integration,BESS,SOC Communication,P193,,YES,,,,Boolean,3,NO,FIMER,PVS980-58BC 2500kVA,,,,,Data Pending
BESS Integration,BESS,SOC Communication,P193,,YES,,,,Boolean,3,NO,Inovance,IES920-07-2500-C-D-EU,,,,,Data Pending
BESS Integration,BESS,SOH Communication,P194,,YES,,,,Boolean,2,NO,Hopewind,Central PCS,,,,,Data Pending
BESS Integration,BESS,SOH Communication,P194,,YES,,,,Boolean,2,NO,Hoymiles,HPCS2500-E-S,,,,,Data Pending
BESS Integration,BESS,SOH Communication,P194,,YES,,,,Boolean,2,NO,Sineng,EH-1250/1725-HC/HB-UD,,,,,Data Pending
BESS Integration,BESS,SOH Communication,P194,,YES,,,,Boolean,2,NO,FIMER,PVS980-58BC 2500kVA,,,,,Data Pending
BESS Integration,BESS,SOH Communication,P194,,YES,,,,Boolean,2,NO,Inovance,IES920-07-2500-C-D-EU,,,,,Data Pending
BESS Integration,BESS,Charge Command,P195,,YES,,,,Boolean,3,NO,Hopewind,Central PCS,,,,,Data Pending
BESS Integration,BESS,Charge Command,P195,,YES,,,,Boolean,3,NO,Hoymiles,HPCS2500-E-S,,,,,Data Pending
BESS Integration,BESS,Charge Command,P195,,YES,,,,Boolean,3,NO,Sineng,EH-1250/1725-HC/HB-UD,,,,,Data Pending
BESS Integration,BESS,Charge Command,P195,,YES,,,,Boolean,3,NO,FIMER,PVS980-58BC 2500kVA,,,,,Data Pending
BESS Integration,BESS,Charge Command,P195,,YES,,,,Boolean,3,NO,Inovance,IES920-07-2500-C-D-EU,,,,,Data Pending
BESS Integration,BESS,Discharge Command,P196,,YES,,,,Boolean,3,NO,Hopewind,Central PCS,,,,,Data Pending
BESS Integration,BESS,Discharge Command,P196,,YES,,,,Boolean,3,NO,Hoymiles,HPCS2500-E-S,,,,,Data Pending
BESS Integration,BESS,Discharge Command,P196,,YES,,,,Boolean,3,NO,Sineng,EH-1250/1725-HC/HB-UD,,,,,Data Pending
BESS Integration,BESS,Discharge Command,P196,,YES,,,,Boolean,3,NO,FIMER,PVS980-58BC 2500kVA,,,,,Data Pending
BESS Integration,BESS,Discharge Command,P196,,YES,,,,Boolean,3,NO,Inovance,IES920-07-2500-C-D-EU,,,,,Data Pending
BESS Integration,BESS,Active Power Command,P197,,YES,,,,Boolean,3,NO,Hopewind,Central PCS,,,,,Data Pending
BESS Integration,BESS,Active Power Command,P197,,YES,,,,Boolean,3,NO,Hoymiles,HPCS2500-E-S,,,,,Data Pending
BESS Integration,BESS,Active Power Command,P197,,YES,,,,Boolean,3,NO,Sineng,EH-1250/1725-HC/HB-UD,,,,,Data Pending
BESS Integration,BESS,Active Power Command,P197,,YES,,,,Boolean,3,NO,FIMER,PVS980-58BC 2500kVA,,,,,Data Pending
BESS Integration,BESS,Active Power Command,P197,,YES,,,,Boolean,3,NO,Inovance,IES920-07-2500-C-D-EU,,,,,Data Pending
BESS Integration,BESS,Reactive Power Command,P198,,YES,,,,Boolean,2,NO,Hopewind,Central PCS,,,,,Data Pending
BESS Integration,BESS,Reactive Power Command,P198,,YES,,,,Boolean,2,NO,Hoymiles,HPCS2500-E-S,,,,,Data Pending
BESS Integration,BESS,Reactive Power Command,P198,,YES,,,,Boolean,2,NO,Sineng,EH-1250/1725-HC/HB-UD,,,,,Data Pending
BESS Integration,BESS,Reactive Power Command,P198,,YES,,,,Boolean,2,NO,FIMER,PVS980-58BC 2500kVA,,,,,Data Pending
BESS Integration,BESS,Reactive Power Command,P198,,YES,,,,Boolean,2,NO,Inovance,IES920-07-2500-C-D-EU,,,,,Data Pending
BESS Integration,BESS,Fast Power Response,P199,,YES,,,,Boolean,3,NO,Hopewind,Central PCS,,,,,Data Pending
BESS Integration,BESS,Fast Power Response,P199,,YES,,,,Boolean,3,NO,Hoymiles,HPCS2500-E-S,,,,,Data Pending
BESS Integration,BESS,Fast Power Response,P199,,YES,,,,Boolean,3,NO,Sineng,EH-1250/1725-HC/HB-UD,,,,,Data Pending
BESS Integration,BESS,Fast Power Response,P199,,YES,,,,Boolean,3,NO,FIMER,PVS980-58BC 2500kVA,,,,,Data Pending
BESS Integration,BESS,Fast Power Response,P199,,YES,,,,Boolean,3,NO,Inovance,IES920-07-2500-C-D-EU,,,,,Data Pending
BESS Integration,BESS,Pre-charge Sequence,P200,,YES,,,,Boolean,2,NO,Hopewind,Central PCS,,,,,Data Pending
BESS Integration,BESS,Pre-charge Sequence,P200,,YES,,,,Boolean,2,NO,Hoymiles,HPCS2500-E-S,,,,,Data Pending
BESS Integration,BESS,Pre-charge Sequence,P200,,YES,,,,Boolean,2,NO,Sineng,EH-1250/1725-HC/HB-UD,,,,,Data Pending
BESS Integration,BESS,Pre-charge Sequence,P200,,YES,,,,Boolean,2,NO,FIMER,PVS980-58BC 2500kVA,,,,,Data Pending
BESS Integration,BESS,Pre-charge Sequence,P200,,YES,,,,Boolean,2,NO,Inovance,IES920-07-2500-C-D-EU,,,,,Data Pending
BESS Integration,BESS,Contactor Control,P201,,YES,,,,Boolean,2,NO,Hopewind,Central PCS,,,,,Data Pending
BESS Integration,BESS,Contactor Control,P201,,YES,,,,Boolean,2,NO,Hoymiles,HPCS2500-E-S,,,,,Data Pending
BESS Integration,BESS,Contactor Control,P201,,YES,,,,Boolean,2,NO,Sineng,EH-1250/1725-HC/HB-UD,,,,,Data Pending
BESS Integration,BESS,Contactor Control,P201,,YES,,,,Boolean,2,NO,FIMER,PVS980-58BC 2500kVA,,,,,Data Pending
BESS Integration,BESS,Contactor Control,P201,,YES,,,,Boolean,2,NO,Inovance,IES920-07-2500-C-D-EU,,,,,Data Pending
BESS Integration,BESS,E-stop Integration,P202,,YES,,,,Boolean,3,NO,Hopewind,Central PCS,,,,,Data Pending
BESS Integration,BESS,E-stop Integration,P202,,YES,,,,Boolean,3,NO,Hoymiles,HPCS2500-E-S,,,,,Data Pending
BESS Integration,BESS,E-stop Integration,P202,,YES,,,,Boolean,3,NO,Sineng,EH-1250/1725-HC/HB-UD,,,,,Data Pending
BESS Integration,BESS,E-stop Integration,P202,,YES,,,,Boolean,3,NO,FIMER,PVS980-58BC 2500kVA,,,,,Data Pending
BESS Integration,BESS,E-stop Integration,P202,,YES,,,,Boolean,3,NO,Inovance,IES920-07-2500-C-D-EU,,,,,Data Pending
BESS Integration,BESS,Fire Alarm Integration,P203,,YES,,,,Boolean,3,NO,Hopewind,Central PCS,,,,,Data Pending
BESS Integration,BESS,Fire Alarm Integration,P203,,YES,,,,Boolean,3,NO,Hoymiles,HPCS2500-E-S,,,,,Data Pending
BESS Integration,BESS,Fire Alarm Integration,P203,,YES,,,,Boolean,3,NO,Sineng,EH-1250/1725-HC/HB-UD,,,,,Data Pending
BESS Integration,BESS,Fire Alarm Integration,P203,,YES,,,,Boolean,3,NO,FIMER,PVS980-58BC 2500kVA,,,,,Data Pending
BESS Integration,BESS,Fire Alarm Integration,P203,,YES,,,,Boolean,3,NO,Inovance,IES920-07-2500-C-D-EU,,,,,Data Pending
BESS Integration,BESS,HVAC Interlock,P204,,YES,,,,Boolean,1,NO,Hopewind,Central PCS,,,,,Data Pending
BESS Integration,BESS,HVAC Interlock,P204,,YES,,,,Boolean,1,NO,Hoymiles,HPCS2500-E-S,,,,,Data Pending
BESS Integration,BESS,HVAC Interlock,P204,,YES,,,,Boolean,1,NO,Sineng,EH-1250/1725-HC/HB-UD,,,,,Data Pending
BESS Integration,BESS,HVAC Interlock,P204,,YES,,,,Boolean,1,NO,FIMER,PVS980-58BC 2500kVA,,,,,Data Pending
BESS Integration,BESS,HVAC Interlock,P204,,YES,,,,Boolean,1,NO,Inovance,IES920-07-2500-C-D-EU,,,,,Data Pending
BESS Integration,BESS,Rack Communication,P205,,YES,,,,Boolean,2,NO,Hopewind,Central PCS,,,,,Data Pending
BESS Integration,BESS,Rack Communication,P205,,YES,,,,Boolean,2,NO,Hoymiles,HPCS2500-E-S,,,,,Data Pending
BESS Integration,BESS,Rack Communication,P205,,YES,,,,Boolean,2,NO,Sineng,EH-1250/1725-HC/HB-UD,,,,,Data Pending
BESS Integration,BESS,Rack Communication,P205,,YES,,,,Boolean,2,NO,FIMER,PVS980-58BC 2500kVA,,,,,Data Pending
BESS Integration,BESS,Rack Communication,P205,,YES,,,,Boolean,2,NO,Inovance,IES920-07-2500-C-D-EU,,,,,Data Pending
BESS Integration,BESS,DC Bus Compatibility,P206,,YES,,,,Boolean,3,NO,Hopewind,Central PCS,,,,,Data Pending
BESS Integration,BESS,DC Bus Compatibility,P206,,YES,,,,Boolean,3,NO,Hoymiles,HPCS2500-E-S,,,,,Data Pending
BESS Integration,BESS,DC Bus Compatibility,P206,,YES,,,,Boolean,3,NO,Sineng,EH-1250/1725-HC/HB-UD,,,,,Data Pending
BESS Integration,BESS,DC Bus Compatibility,P206,,YES,,,,Boolean,3,NO,FIMER,PVS980-58BC 2500kVA,,,,,Data Pending
BESS Integration,BESS,DC Bus Compatibility,P206,,YES,,,,Boolean,3,NO,Inovance,IES920-07-2500-C-D-EU,,,,,Data Pending
Commercial,Price,PCS Price,P207,₹,,,,,Lower_Better,3,NO,Hopewind,Central PCS,,,,,Data Pending
Commercial,Price,PCS Price,P207,₹,,,,,Lower_Better,3,NO,Hoymiles,HPCS2500-E-S,,,,,Data Pending
Commercial,Price,PCS Price,P207,₹,,,,,Lower_Better,3,NO,Sineng,EH-1250/1725-HC/HB-UD,,,,,Data Pending
Commercial,Price,PCS Price,P207,₹,,,,,Lower_Better,3,NO,FIMER,PVS980-58BC 2500kVA,,,,,Data Pending
Commercial,Price,PCS Price,P207,₹,,,,,Lower_Better,3,NO,Inovance,IES920-07-2500-C-D-EU,,,,,Data Pending
Commercial,Price,Price Currency,P208,,,,,,Text,1,NO,Hopewind,Central PCS,,,,,Data Pending
Commercial,Price,Price Currency,P208,,,,,,Text,1,NO,Hoymiles,HPCS2500-E-S,,,,,Data Pending
Commercial,Price,Price Currency,P208,,,,,,Text,1,NO,Sineng,EH-1250/1725-HC/HB-UD,,,,,Data Pending
Commercial,Price,Price Currency,P208,,,,,,Text,1,NO,FIMER,PVS980-58BC 2500kVA,,,,,Data Pending
Commercial,Price,Price Currency,P208,,,,,,Text,1,NO,Inovance,IES920-07-2500-C-D-EU,,,,,Data Pending
Commercial,Price,Price per kW,P209,₹/kW,,,,,Lower_Better,4,NO,Hopewind,Central PCS,,,,,Data Pending
Commercial,Price,Price per kW,P209,₹/kW,,,,,Lower_Better,4,NO,Hoymiles,HPCS2500-E-S,,,,,Data Pending
Commercial,Price,Price per kW,P209,₹/kW,,,,,Lower_Better,4,NO,Sineng,EH-1250/1725-HC/HB-UD,,,,,Data Pending
Commercial,Price,Price per kW,P209,₹/kW,,,,,Lower_Better,4,NO,FIMER,PVS980-58BC 2500kVA,,,,,Data Pending
Commercial,Price,Price per kW,P209,₹/kW,,,,,Lower_Better,4,NO,Inovance,IES920-07-2500-C-D-EU,,,,,Data Pending
Commercial,Price,Price per MW,P210,₹/MW,,,,,Lower_Better,3,NO,Hopewind,Central PCS,,,,,Data Pending
Commercial,Price,Price per MW,P210,₹/MW,,,,,Lower_Better,3,NO,Hoymiles,HPCS2500-E-S,,,,,Data Pending
Commercial,Price,Price per MW,P210,₹/MW,,,,,Lower_Better,3,NO,Sineng,EH-1250/1725-HC/HB-UD,,,,,Data Pending
Commercial,Price,Price per MW,P210,₹/MW,,,,,Lower_Better,3,NO,FIMER,PVS980-58BC 2500kVA,,,,,Data Pending
Commercial,Price,Price per MW,P210,₹/MW,,,,,Lower_Better,3,NO,Inovance,IES920-07-2500-C-D-EU,,,,,Data Pending
Commercial,Cost,Installation Cost,P211,₹,,,,,Lower_Better,1,NO,Hopewind,Central PCS,,,,,Data Pending
Commercial,Cost,Installation Cost,P211,₹,,,,,Lower_Better,1,NO,Hoymiles,HPCS2500-E-S,,,,,Data Pending
Commercial,Cost,Installation Cost,P211,₹,,,,,Lower_Better,1,NO,Sineng,EH-1250/1725-HC/HB-UD,,,,,Data Pending
Commercial,Cost,Installation Cost,P211,₹,,,,,Lower_Better,1,NO,FIMER,PVS980-58BC 2500kVA,,,,,Data Pending
Commercial,Cost,Installation Cost,P211,₹,,,,,Lower_Better,1,NO,Inovance,IES920-07-2500-C-D-EU,,,,,Data Pending
Commercial,Cost,Commissioning Cost,P212,₹,,,,,Lower_Better,1,NO,Hopewind,Central PCS,,,,,Data Pending
Commercial,Cost,Commissioning Cost,P212,₹,,,,,Lower_Better,1,NO,Hoymiles,HPCS2500-E-S,,,,,Data Pending
Commercial,Cost,Commissioning Cost,P212,₹,,,,,Lower_Better,1,NO,Sineng,EH-1250/1725-HC/HB-UD,,,,,Data Pending
Commercial,Cost,Commissioning Cost,P212,₹,,,,,Lower_Better,1,NO,FIMER,PVS980-58BC 2500kVA,,,,,Data Pending
Commercial,Cost,Commissioning Cost,P212,₹,,,,,Lower_Better,1,NO,Inovance,IES920-07-2500-C-D-EU,,,,,Data Pending
Commercial,Cost,AMC Cost,P213,₹,,,,,Lower_Better,2,NO,Hopewind,Central PCS,,,,,Data Pending
Commercial,Cost,AMC Cost,P213,₹,,,,,Lower_Better,2,NO,Hoymiles,HPCS2500-E-S,,,,,Data Pending
Commercial,Cost,AMC Cost,P213,₹,,,,,Lower_Better,2,NO,Sineng,EH-1250/1725-HC/HB-UD,,,,,Data Pending
Commercial,Cost,AMC Cost,P213,₹,,,,,Lower_Better,2,NO,FIMER,PVS980-58BC 2500kVA,,,,,Data Pending
Commercial,Cost,AMC Cost,P213,₹,,,,,Lower_Better,2,NO,Inovance,IES920-07-2500-C-D-EU,,,,,Data Pending
Commercial,Warranty,Warranty Years,P214,years,≥ 5,5,,,Higher_Better,2,NO,Hopewind,Central PCS,5,,Datasheet,2026-08-01,
Commercial,Warranty,Warranty Years,P214,years,≥ 5,5,,,Higher_Better,2,NO,Hoymiles,HPCS2500-E-S,,,,,Data Pending
Commercial,Warranty,Warranty Years,P214,years,≥ 5,5,,,Higher_Better,2,NO,Sineng,EH-1250/1725-HC/HB-UD,5,,Datasheet,2026-08-01,
Commercial,Warranty,Warranty Years,P214,years,≥ 5,5,,,Higher_Better,2,NO,FIMER,PVS980-58BC 2500kVA,,,,,Data Pending
Commercial,Warranty,Warranty Years,P214,years,≥ 5,5,,,Higher_Better,2,NO,Inovance,IES920-07-2500-C-D-EU,,,,,Data Pending
Commercial,Cost,Extended Warranty Cost,P215,₹,,,,,Lower_Better,1,NO,Hopewind,Central PCS,,,,,Data Pending
Commercial,Cost,Extended Warranty Cost,P215,₹,,,,,Lower_Better,1,NO,Hoymiles,HPCS2500-E-S,,,,,Data Pending
Commercial,Cost,Extended Warranty Cost,P215,₹,,,,,Lower_Better,1,NO,Sineng,EH-1250/1725-HC/HB-UD,,,,,Data Pending
Commercial,Cost,Extended Warranty Cost,P215,₹,,,,,Lower_Better,1,NO,FIMER,PVS980-58BC 2500kVA,,,,,Data Pending
Commercial,Cost,Extended Warranty Cost,P215,₹,,,,,Lower_Better,1,NO,Inovance,IES920-07-2500-C-D-EU,,,,,Data Pending
Commercial,Cost,Spare Parts Cost,P216,₹,,,,,Lower_Better,1,NO,Hopewind,Central PCS,,,,,Data Pending
Commercial,Cost,Spare Parts Cost,P216,₹,,,,,Lower_Better,1,NO,Hoymiles,HPCS2500-E-S,,,,,Data Pending
Commercial,Cost,Spare Parts Cost,P216,₹,,,,,Lower_Better,1,NO,Sineng,EH-1250/1725-HC/HB-UD,,,,,Data Pending
Commercial,Cost,Spare Parts Cost,P216,₹,,,,,Lower_Better,1,NO,FIMER,PVS980-58BC 2500kVA,,,,,Data Pending
Commercial,Cost,Spare Parts Cost,P216,₹,,,,,Lower_Better,1,NO,Inovance,IES920-07-2500-C-D-EU,,,,,Data Pending
Commercial,Cost,Transportation Cost,P217,₹,,,,,Lower_Better,1,NO,Hopewind,Central PCS,,,,,Data Pending
Commercial,Cost,Transportation Cost,P217,₹,,,,,Lower_Better,1,NO,Hoymiles,HPCS2500-E-S,,,,,Data Pending
Commercial,Cost,Transportation Cost,P217,₹,,,,,Lower_Better,1,NO,Sineng,EH-1250/1725-HC/HB-UD,,,,,Data Pending
Commercial,Cost,Transportation Cost,P217,₹,,,,,Lower_Better,1,NO,FIMER,PVS980-58BC 2500kVA,,,,,Data Pending
Commercial,Cost,Transportation Cost,P217,₹,,,,,Lower_Better,1,NO,Inovance,IES920-07-2500-C-D-EU,,,,,Data Pending
Commercial,Cost,Taxes/Duties,P218,₹,,,,,Lower_Better,1,NO,Hopewind,Central PCS,,,,,Data Pending
Commercial,Cost,Taxes/Duties,P218,₹,,,,,Lower_Better,1,NO,Hoymiles,HPCS2500-E-S,,,,,Data Pending
Commercial,Cost,Taxes/Duties,P218,₹,,,,,Lower_Better,1,NO,Sineng,EH-1250/1725-HC/HB-UD,,,,,Data Pending
Commercial,Cost,Taxes/Duties,P218,₹,,,,,Lower_Better,1,NO,FIMER,PVS980-58BC 2500kVA,,,,,Data Pending
Commercial,Cost,Taxes/Duties,P218,₹,,,,,Lower_Better,1,NO,Inovance,IES920-07-2500-C-D-EU,,,,,Data Pending
Commercial,Cost,Total Delivered Cost,P219,₹,,,,,Lower_Better,3,NO,Hopewind,Central PCS,,,,,Data Pending
Commercial,Cost,Total Delivered Cost,P219,₹,,,,,Lower_Better,3,NO,Hoymiles,HPCS2500-E-S,,,,,Data Pending
Commercial,Cost,Total Delivered Cost,P219,₹,,,,,Lower_Better,3,NO,Sineng,EH-1250/1725-HC/HB-UD,,,,,Data Pending
Commercial,Cost,Total Delivered Cost,P219,₹,,,,,Lower_Better,3,NO,FIMER,PVS980-58BC 2500kVA,,,,,Data Pending
Commercial,Cost,Total Delivered Cost,P219,₹,,,,,Lower_Better,3,NO,Inovance,IES920-07-2500-C-D-EU,,,,,Data Pending
Commercial,Calc,Total Cost per MW,P220,₹/MW,,,,,Lower_Better,4,NO,Hopewind,Central PCS,,,,,Data Pending
Commercial,Calc,Total Cost per MW,P220,₹/MW,,,,,Lower_Better,4,NO,Hoymiles,HPCS2500-E-S,,,,,Data Pending
Commercial,Calc,Total Cost per MW,P220,₹/MW,,,,,Lower_Better,4,NO,Sineng,EH-1250/1725-HC/HB-UD,,,,,Data Pending
Commercial,Calc,Total Cost per MW,P220,₹/MW,,,,,Lower_Better,4,NO,FIMER,PVS980-58BC 2500kVA,,,,,Data Pending
Commercial,Calc,Total Cost per MW,P220,₹/MW,,,,,Lower_Better,4,NO,Inovance,IES920-07-2500-C-D-EU,,,,,Data Pending
